feature,coefficient,p_value,r_squared,adj_r_squared,bucket
sleep_end_s14:C(sex)[Female]:C(age_binary)[young],1.2404,0.0,0.068,0.061,sleep
sleep_end_s14:C(sex)[Female]:C(age_binary)[old],1.1913,0.001,0.068,0.061,sleep
sleep_duration_s14:C(sex)[Female]:C(age_binary)[old],0.9129,0.003,0.065,0.058,sleep
sleep_duration_s14:C(sex)[Female]:C(age_binary)[young],1.1529,0.0,0.065,0.058,sleep
sleep_end_s7:C(sex)[Female]:C(age_binary)[old],1.1564,0.0,0.056,0.051,sleep
sleep_end_s7:C(sex)[Female]:C(age_binary)[young],1.1271,0.0,0.056,0.051,sleep
sleep_start_m14:C(sex)[Female]:C(age_binary)[old],0.7311,0.01,0.051,0.044,sleep
sleep_start_m14:C(sex)[Female]:C(age_binary)[young],0.7839,0.003,0.051,0.044,sleep
sleep_duration_s7:C(sex)[Female]:C(age_binary)[old],0.9459,0.0,0.048,0.043,sleep
sleep_duration_s7:C(sex)[Female]:C(age_binary)[young],0.9794,0.0,0.048,0.043,sleep
sleep_start_s14:C(sex)[Female]:C(age_binary)[young],0.8178,0.003,0.046,0.039,sleep
sleep_start_s14:C(sex)[Female]:C(age_binary)[old],0.6598,0.032,0.046,0.039,sleep
sleep_start_m7:C(sex)[Female]:C(age_binary)[old],0.665,0.003,0.042,0.037,sleep
sleep_start_m7:C(sex)[Female]:C(age_binary)[young],0.6639,0.002,0.042,0.037,sleep
sleep_start_s7:C(sex)[Female]:C(age_binary)[old],0.8842,0.001,0.041,0.036,sleep
sleep_start_s7:C(sex)[Female]:C(age_binary)[young],0.8441,0.0,0.041,0.036,sleep
chronotype_score_m7:C(sex)[Female]:C(age_binary)[old],0.8038,0.0,0.04,0.038,sleep
chronotype_score_m7:C(sex)[Female]:C(age_binary)[young],0.9553,0.0,0.04,0.038,sleep
chronotype_score_m14:C(sex)[Female]:C(age_binary)[young],0.974,0.0,0.04,0.038,sleep
chronotype_score_m14:C(sex)[Female]:C(age_binary)[old],0.8146,0.0,0.04,0.038,sleep
chronotype_score_m14:C(sex)[Male]:C(age_binary)[young],0.4711,0.008,0.04,0.038,sleep
chronotype_score_m7:C(sex)[Male]:C(age_binary)[young],0.4172,0.012,0.04,0.038,sleep
chronotype_score_m14:C(sex)[Male]:C(age_binary)[old],0.3761,0.048,0.04,0.038,sleep
chronotype_score_m7:C(sex)[Male]:C(age_binary)[old],0.3514,0.045,0.04,0.038,sleep
sleep_routine_index_m7:C(sex)[Male]:C(age_binary)[old],-1.0024,0.0,0.038,0.036,sleep
sleep_routine_index_m7:C(sex)[Male]:C(age_binary)[young],-0.9416,0.0,0.038,0.036,sleep
sleep_routine_index_m7:C(sex)[Female]:C(age_binary)[young],-0.7827,0.0,0.038,0.036,sleep
sleep_routine_index_m7:C(sex)[Female]:C(age_binary)[old],-0.8391,0.0,0.038,0.036,sleep
sleep_routine_index_m14:C(sex)[Female]:C(age_binary)[young],-0.7178,0.0,0.034,0.032,sleep
sleep_routine_index_m14:C(sex)[Female]:C(age_binary)[old],-0.7726,0.0,0.034,0.032,sleep
sleep_routine_index_m14:C(sex)[Male]:C(age_binary)[old],-0.8905,0.0,0.034,0.032,sleep
sleep_routine_index_m14:C(sex)[Male]:C(age_binary)[young],-0.8652,0.0,0.034,0.032,sleep
total_display_duration_m14:C(sex)[Female]:C(age_binary)[young],0.6715,0.0,0.03,0.028,device_usage
total_display_duration_m14:C(sex)[Male]:C(age_binary)[old],-0.5123,0.011,0.03,0.028,device_usage
total_display_duration_m14:C(sex)[Female]:C(age_binary)[old],0.29,0.036,0.03,0.028,device_usage
total_display_duration_m7:C(sex)[Female]:C(age_binary)[old],0.3292,0.018,0.029,0.028,device_usage
total_display_duration_m7:C(sex)[Male]:C(age_binary)[old],-0.504,0.015,0.029,0.028,device_usage
total_display_duration_m7:C(sex)[Female]:C(age_binary)[young],0.7022,0.0,0.029,0.028,device_usage
screen_unlocks_s14:C(sex)[Male]:C(age_binary)[young],-2.2674,0.0,0.024,0.022,device_usage
screen_unlocks_s14:C(sex)[Male]:C(age_binary)[old],-1.2421,0.007,0.024,0.022,device_usage
sleep_duration_m7:C(sex)[Male]:C(age_binary)[old],-0.5598,0.04,0.023,0.018,sleep
sleep_routine_index_s14:C(sex)[Female]:C(age_binary)[young],0.8003,0.0,0.022,0.019,sleep
display_events_s14:C(sex)[Male]:C(age_binary)[old],-1.6583,0.0,0.021,0.019,device_usage
display_events_m14:C(sex)[Male]:C(age_binary)[old],-1.5541,0.0,0.021,0.019,device_usage
screen_unlocks_s7:C(sex)[Female]:C(age_binary)[young],-0.3211,0.048,0.021,0.019,device_usage
screen_unlocks_s7:C(sex)[Male]:C(age_binary)[old],-0.8864,0.041,0.021,0.019,device_usage
display_events_s14:C(sex)[Male]:C(age_binary)[young],-1.0279,0.001,0.021,0.019,device_usage
sleep_routine_index_s7:C(sex)[Female]:C(age_binary)[young],0.7717,0.0,0.021,0.019,sleep
display_events_m14:C(sex)[Male]:C(age_binary)[young],-0.7941,0.002,0.021,0.019,device_usage
screen_unlocks_s7:C(sex)[Male]:C(age_binary)[young],-2.271,0.0,0.021,0.019,device_usage
chronotype_score_s7:C(sex)[Female]:C(age_binary)[young],0.7708,0.0,0.02,0.018,sleep
screen_unlocks_m14:C(sex)[Male]:C(age_binary)[young],-1.8067,0.0,0.02,0.018,device_usage
screen_unlocks_m14:C(sex)[Female]:C(age_binary)[young],-0.3754,0.02,0.02,0.018,device_usage
chronotype_score_s7:C(sex)[Male]:C(age_binary)[young],-0.8183,0.007,0.02,0.018,sleep
