time_at_home_m7,sex,age_binary
48708.74247930804,Female,old
71329.41057042856,Female,young
43454.79177400946,Female,young
77330.04799899999,Female,old
76669.08157042856,Female,young
78018.48919243024,Male,young
44022.479570999996,Female,young
86399.99999969514,Female,young
86399.999999,Male,young
70814.18685614286,Female,young
78958.57371342857,Female,young
71706.40142771429,Male,young
73766.19328471429,Male,young
75239.87885614287,Male,old
68885.76942771429,Female,young
79110.64471328571,Female,old
16416.978519831173,Female,young
22291.242714000004,Female,old
39277.147298834825,Male,young
53793.08130900967,Female,old
48284.92314228571,Female,young
81556.84442757143,Female,old
0.0,Female,old
60091.288142,Female,young
84021.34557042857,Female,old
86400.00002200001,Female,young
40406.85655265321,Female,young
77391.24328471429,Male,old
78030.48671328572,Female,young
45561.715948160985,Male,young
75927.54642757143,Female,young
13871.880428428572,Female,young
69254.03814185715,Female,young
85616.1765724218,Female,young
35572.5883769997,Female,young
80755.79671328572,Female,young
37685.05670786785,Female,old
80025.05185614285,Female,young
4726.303415576229,Female,old
57442.760856285706,Male,young
74114.70057057144,Female,young
81054.50757057143,Female,young
70966.07999928572,Male,young
30632.30499957143,Male,old
75100.9008562857,Female,old
71538.72042757143,Female,old
37462.62614242857,Female,young
40677.82452012268,Female,young
83219.25464727628,Female,old
0.0,Female,young
54154.472439999176,Female,old
69554.087199314,Female,old
83161.51499914286,Female,young
67.72983287061429,Female,young
78862.96742757144,Female,old
64069.99971328571,Female,young
24554.818428285715,Female,young
44456.555856142855,Female,young
75144.1382847143,Female,young
80537.6807132857,Female,young
14694.614039577971,Female,young
62190.45830592066,Female,young
76352.26499914285,Male,old
45068.482554714006,Female,young
29739.456285285713,Female,old
59592.09428471428,Female,young
59388.03714185714,Female,young
86399.999999,Male,old
80258.48583245704,Female,young
25466.958662218756,Female,young
74062.819999,Female,old
49735.61314185714,Male,old
86189.54485614286,Female,old
80727.66444301153,Female,young
55851.23771357143,Female,young
56786.022957250745,Male,young
81685.80585628572,Female,old
70688.0174111646,Female,young
57172.86188314341,Female,old
58938.89671342857,Female,young
76640.62142771427,Male,young
55598.207371287084,Female,young
48850.14865800179,Female,young
69363.63442771429,Male,old
22236.799571142856,Female,old
86399.999999,Male,young
76321.06342757144,Female,young
63549.13614228571,Female,young
48764.16228485714,Female,young
52455.267427714294,Female,young
69490.62314200001,Female,young
85814.35171328571,Female,young
69215.83585714285,Male,young
77167.44657042857,Male,young
33196.711571,Female,old
7457.999996569213,Female,old
57848.65828485715,Male,old
78020.25928471428,Female,old
14934.156713999999,Female,young
58741.39712200519,Male,young
23984.991856857145,Female,old
82978.47671328571,Female,old
50223.629477219125,Female,old
26826.040428142856,Female,old
83523.66799900001,Female,old
18652.02789290297,Female,young
65622.54242771429,Female,young
59222.015669829314,Female,young
79099.86285614288,Female,young
83605.66742757145,Female,old
82400.03571328572,Male,old
63908.30397919243,Female,old
61385.309050014184,Female,young
29014.96338614236,Female,young
63717.54621176953,Female,young
82664.53671328572,Female,old
38461.35976999394,Female,old
75035.78799900001,Female,young
62019.48442771429,Male,young
81650.20857042857,Female,young
54269.04028485715,Female,young
62865.42478441955,Female,young
78734.59285642857,Male,old
8.789714285714286,Female,young
77514.76185614287,Female,young
84703.22785614287,Female,young
46604.35628528572,Female,old
80412.29866957144,Male,old
57749.80728485714,Male,old
69595.04442771428,Female,young
77381.99199899999,Female,old
12342.857142714285,Female,young
85924.58071328572,Female,old
53922.61673755454,Female,old
64224.711284714285,Female,young
12471.3169845489,Female,old
72160.86014185715,Female,young
16382.931291009601,Male,young
64628.3347018796,Female,old
63714.37085614286,Female,old
32128.731785128915,Female,young
81284.1872847143,Male,young
53677.99781115145,Female,old
65058.00080402582,Male,young
85906.887999,Female,old
83085.668999,Female,young
71230.65128471427,Female,young
81768.932999,Female,young
18248.846199876058,Female,old
44060.414856428564,Female,young
81070.05271328571,Female,old
83030.79071328572,Female,old
71936.24428471428,Female,young
51789.15671371429,Female,young
69653.32842771428,Female,old
86357.14242757144,Female,old
64686.28257057142,Female,old
48133.50687771073,Female,young
25992.227991713702,Female,young
38682.35296156041,Female,young
15986.230245282457,Female,young
56.83565843105714,Female,young
80099.38999899999,Male,old
410.5708360842286,Female,young
73109.44957057144,Male,young
64661.23671328572,Female,young
80776.02314185715,Female,young
58096.18136261487,Female,young
41636.62314242857,Female,young
52370.83781424625,Female,old
34591.76242814285,Female,young
57383.185390668354,Male,young
28785.18399957143,Female,young
72138.32771328572,Female,old
57964.51214200001,Female,young
68602.31715559772,Male,old
64319.21385642856,Female,young
33585.292460780955,Female,old
62157.25442785714,Male,old
26644.660999857144,Female,young
73080.05928471428,Female,young
83485.89042757144,Female,old
85844.16599899999,Female,young
75023.1638057355,Female,young
53332.47832985156,Female,young
36078.7500663466,Female,young
76760.07542757143,Female,young
31802.710999714287,Female,young
76001.78271328572,Female,old
64201.70728485715,Female,young
52670.55028485715,Female,old
30540.445285285718,Male,young
42417.01772457134,Female,old
59557.82564831213,Female,young
51758.832285,Female,young
86400.00006987965,Female,young
41220.181570857145,Male,young
21565.728856857142,Male,young
58922.48771357142,Female,old
75979.38071328572,Female,old
1.0561427142857143,Male,young
75042.94885628573,Female,old
16638.797571142855,Female,young
62952.798427571426,Female,old
72069.28085614285,Female,young
86264.062999,Female,old
59990.70699942857,Female,old
61376.37757057143,Female,old
68278.16299900001,Male,young
68088.32371342857,Female,old
518.4452855714286,Female,young
47502.036697393756,Male,young
14859.608999571428,Male,young
58959.61114242857,Female,young
51601.344142571426,Female,young
41567.14414242857,Female,old
47721.84328471428,Male,old
38536.570142,Female,young
43451.94057057142,Female,young
43451.35732324816,Female,young
57949.826427571425,Female,young
70191.67720384295,Female,young
48162.46858153101,Female,young
78871.4268562857,Male,young
68812.60157042857,Female,old
75660.452999,Female,young
60378.91428485714,Male,old
69496.60071357143,Female,young
61757.6440437165,Female,old
44325.957069104756,Female,old
78533.92557042858,Female,young
0.0,Female,old
70964.94371328571,Female,young
57391.15985614286,Female,old
35096.67429542857,Male,young
50226.29171328571,Female,young
86399.999999,Female,old
76097.60399900001,Female,old
41448.93613095294,Male,young
62522.26471342857,Male,old
43009.07089200587,Female,young
76507.54928471427,Female,old
0.0,Female,old
6562.084428428571,Male,young
67282.98671328572,Female,young
79332.11742757143,Male,young
51688.62171328572,Female,young
38310.121761481045,Female,young
79655.38085614286,Female,old
75722.66271328572,Female,young
72040.04885628572,Female,old
61602.040999428566,Female,young
62940.088285142854,Female,young
45720.894375137425,Female,old
17561.756714285715,Male,young
86399.999999,Female,young
0.0,Male,young
81216.38257042857,Female,old
61694.02642757143,Female,young
59146.24571342858,Female,young
80040.91042757142,Female,old
64447.11942757143,Female,young
93377.61663563976,Female,old
85581.28485614285,Male,old
82354.29414185714,Female,old
72883.91571342856,Female,old
83216.83314185715,Male,young
112494.86889613203,Male,young
68461.38342757142,Female,old
82910.90528471429,Male,young
25612.790899544372,Female,young
85676.88699914285,Female,old
14490.586879822904,Female,young
5599.7749998571435,Female,young
80670.42557042858,Female,old
64759.818284857145,Male,young
12342.857142714287,Female,young
65421.83971342858,Female,young
0.0,Female,old
82653.53785614285,Male,old
85087.28014185715,Female,young
19977.634355575803,Female,young
80977.62171328571,Male,old
76063.31642757144,Male,old
168167.874999,Female,old
81761.21271328571,Female,old
86400.00002798719,Female,young
30124.486824837957,Female,young
78460.25642757142,Female,young
72418.92307557627,Female,young
0.0,Female,young
112677.28779456658,Female,old
53013.88785628571,Female,old
41776.95885671429,Male,old
32856.746326043416,Female,old
60712.662999,Female,old
0.0,Female,old
57058.931713428574,Female,young
76042.68599914286,Female,young
121581.25622021676,Female,young
0.0,Female,young
81845.19874072328,Female,young
64807.50442757143,Male,young
81133.50342757143,Female,young
86361.44385614285,Male,old
302.8633767025899,Female,young
109499.83528003078,Female,young
77975.68457042857,Female,young
105809.06066858106,Male,young
51735.51433095627,Female,young
59245.29685642857,Female,old
72488.94638085715,Female,old
19159.735759867846,Female,young
74232.70414199999,Female,old
37585.562856714285,Male,young
39457.35961786523,Female,young
43353.12999914285,Female,old
91388.1054585788,Female,old
75028.06557042857,Female,old
63507.200761854896,Female,old
85206.300999,Female,young
68420.94285628572,Female,young
76290.72557042858,Female,old
37265.877713857146,Female,old
20685.189999571427,Female,young
97174.43163241798,Male,young
74141.25242757142,Male,young
62382.17042757144,Female,young
86399.999999,Female,young
30845.036108857144,Female,old
71805.664999,Male,young
40146.668999571426,Female,old
72758.04499914286,Female,old
78497.424142,Female,old
13967.552271558758,Male,young
85913.22142757142,Female,old
75043.99628471429,Female,old
65809.32281642858,Female,old
62489.44471328571,Male,old
22378.853142571428,Female,young
85796.24771342859,Male,young
19590.224999714286,Female,young
16154.59827285353,Male,young
78225.742142,Female,young
7299.591831999998,Female,young
30158.77003162436,Female,young
84214.82485614286,Female,old
42502.642428428575,Female,old
86007.88271328573,Female,old
47237.196122269546,Female,old
77735.13848871856,Female,young
57981.15415686411,Female,young
79767.54385614286,Female,young
76685.56671328572,Female,old
81203.31557042857,Female,young
73457.11242757142,Female,young
0.0,Female,young
77558.35787599624,Female,old
30644.891422087403,Female,old
35813.05178481799,Male,young
65848.46099914286,Male,old
53656.93057071429,Female,old
43493.478856571426,Female,young
78117.60814200001,Male,old
83979.355999,Female,old
53707.47760785715,Female,young
86399.999999,Female,young
76737.59871328573,Male,old
47423.816998999995,Female,old
52479.73914185714,Female,old
82363.14385614287,Female,old
27358.32728542857,Female,young
78433.131999,Female,old
31381.506856428572,Female,old
30110.535642281,Female,young
86265.45214185715,Female,old
67829.23842757143,Female,old
51847.63757071429,Female,young
59934.197427571424,Female,young
84044.42157042857,Female,old
23230.71363456159,Female,young
86358.56514185715,Female,old
83394.17499900001,Female,young
67018.79533126368,Female,old
71044.12542757143,Female,young
48463.30557042857,Female,young
51423.16760414168,Female,young
68536.437142,Female,old
17114.651464384886,Female,young
76336.45885614285,Female,old
72116.5162847143,Male,young
71802.37714185714,Female,young
42711.30149284571,Female,young
64756.19574972075,Female,young
58297.33957042858,Male,young
24769.796628855856,Female,young
65151.70742771429,Female,young
0.0,Female,young
83560.18471328572,Female,old
84329.38785614286,Male,old
49576.49995503192,Female,old
80797.44042771429,Female,young
59175.593999,Female,old
58043.50228471429,Female,young
0.0,Female,young
19812.964524131203,Female,young
54824.95685657143,Female,old
73276.33771371428,Female,young
81.19457142857142,Female,young
66068.05085642857,Female,old
37914.542710582085,Female,young
50659.445999285716,Female,young
33824.918024117695,Female,young
78627.89471328571,Female,young
83759.86085614286,Female,old
54047.17530057734,Female,young
52230.03016415293,Female,old
74541.2241995141,Female,young
68216.8270936831,Female,young
41332.05128514285,Female,old
28480.24271414286,Female,young
67064.52014214285,Female,old
70008.38114670331,Female,old
70224.21257057143,Female,young
16087.381571285714,Male,young
16356.059428428573,Male,young
80610.75185614286,Male,old
86399.999999,Female,young
27925.238856714284,Male,young
51387.92431239782,Male,old
64249.05042757143,Female,old
86399.999999,Male,old
76105.82871328572,Female,old
62352.532998999995,Female,young
83541.58099914285,Male,old
25802.329735715357,Female,young
78108.1474277143,Female,old
40508.65628528572,Female,old
77037.77428471428,Female,young
39654.656999428575,Female,young
45584.224427571426,Male,old
86273.05628471429,Female,young
20675.02499985714,Male,young
83364.695999,Female,young
19958.392285,Female,young
19958.392285,Female,young
26.771061301226492,Female,young
40911.19674084076,Female,young
79465.51185614285,Female,young
86371.46442757142,Female,old
83790.41328471429,Female,young
80181.17828471427,Female,young
18452.6472320159,Female,young
43606.50376056797,Female,young
60564.60471328571,Female,young
54610.22699928571,Female,old
3625.530217749714,Female,young
11283.660142714287,Female,young
86076.45942757142,Male,young
69083.16414200001,Female,young
70431.47999928572,Female,young
79127.0598447393,Female,young
57825.843713285714,Male,young
56806.73237883696,Male,young
55885.496284857145,Female,old
72770.541285,Male,young
66956.537572661,Male,young
39953.718748567415,Female,old
59742.21399900001,Female,young
85496.266999,Female,old
83878.35171342858,Female,young
77671.39971328572,Female,young
79223.07599900001,Female,young
68805.55714185715,Female,old
77576.204285,Male,old
41460.529383277426,Female,young
25007.526011596372,Female,young
37124.75285671429,Male,young
39030.95342799999,Female,old
77266.57171328572,Female,old
69969.66637244506,Male,young
42713.864142428574,Female,old
53699.948931307845,Female,young
0.0,Female,young
83870.57353042359,Female,young
54811.94804301871,Female,young
33845.92912107723,Female,young
66861.49828471428,Female,old
84908.77886986914,Female,old
73459.208999,Female,old
69579.6472115272,Female,old
0.0,Female,young
22968.193713857145,Male,young
66724.86971328572,Female,old
3704.0615714285714,Female,young
81729.7442847143,Female,old
86399.999999,Male,young
79548.32428471428,Male,young
43686.73574998657,Female,old
44289.41328542856,Female,young
28607.415638855542,Female,young
68491.91842771428,Female,young
69706.33371342857,Female,young
37028.57142814286,Male,young
41795.767441787124,Female,young
4343.4422901299995,Female,old
73248.74685628571,Female,young
82657.34614200001,Female,young
78944.60957042857,Female,young
68550.53442757143,Female,young
53379.97399914286,Female,old
86399.999999,Female,young
56322.46585614285,Female,young
78529.36157042858,Female,old
91080.47214959128,Female,young
61642.705284714284,Female,old
31129.196142285713,Female,young
84690.24328471429,Female,young
48357.83085657143,Female,young
86399.999999,Female,old
54685.58757085714,Male,old
52961.26241130947,Male,old
0.0,Female,old
39351.4027294647,Female,old
61477.65985642857,Female,young
32767.630747576128,Female,old
82041.38709328897,Female,old
9747.789428428572,Female,young
70516.20014214286,Female,old
56769.20357085714,Female,young
78941.8904750387,Female,old
84744.709999,Female,old
76418.34285642416,Female,old
79847.75799900001,Female,old
58590.875705017046,Female,young
57216.24271328572,Female,old
83887.37051011834,Female,young
42740.37671385715,Male,young
63311.91332252689,Female,young
78737.10328471428,Female,old
63440.22685657143,Female,old
33590.106210713915,Female,old
70428.18385628572,Female,old
71752.090999,Female,old
71758.56457057143,Female,old
37394.06983814993,Female,young
0.0,Female,young
36774.99009485072,Female,young
77089.21442771428,Male,young
37946.14681363427,Female,young
86399.999999,Female,young
84229.71585614285,Female,young
79431.605999,Female,young
65019.87585628572,Male,old
69936.3896803448,Male,young
71694.625999,Female,old
53734.57799900001,Female,young
53429.179907741476,Female,young
47758.061999000005,Female,young
65167.896999,Female,young
83502.49714185715,Female,old
3939.272723725871,Female,young
78431.23571328571,Female,young
68790.89028514286,Female,old
79614.35685614285,Female,young
34190.2461607615,Female,old
79397.23385614286,Female,old
12596.504856857142,Female,young
82202.85985614287,Male,young
38255.597958676815,Female,old
58634.502999285716,Female,old
62058.510142,Female,old
13035.501852147214,Female,young
84120.96128471429,Male,young
59926.983142000005,Female,young
74596.06485628572,Female,old
12341.771140430787,Female,young
50798.13629598173,Female,young
65925.21128514285,Female,young
78528.45957042857,Female,old
83657.03285614286,Female,old
61564.70299942857,Female,young
82486.19214185714,Female,young
2.078845032623836e-12,Male,young
1809.9200364351286,Female,young
11290.72728557143,Female,old
52584.113142,Female,young
0.0,Female,young
59311.13171357143,Male,young
79946.2977132857,Male,old
66298.31957042858,Male,young
79987.23557042857,Female,young
70661.41185642857,Female,young
70661.41185642857,Female,young
18776.56502829113,Male,old
32618.19599942857,Female,young
72657.92357042857,Female,old
49927.610284857146,Female,old
56936.66571357143,Female,young
50429.73585628571,Female,old
64577.928570428565,Female,old
4.157690065247672e-12,Female,young
74951.307999,Female,old
70544.82900457081,Female,old
76821.65428471428,Male,old
70725.23942771429,Female,young
83083.300999,Female,old
41783.15128514286,Female,young
35298.91499914286,Male,old
57080.53214214286,Male,old
72595.5747132857,Male,young
53018.444606283694,Female,old
26133.745754898442,Female,old
86399.999995,Female,young
0.0,Male,old
58855.58542757143,Female,young
79559.55442757143,Female,old
24685.714285428574,Female,young
59866.21542785714,Male,young
49605.385142,Female,old
32884.3137399911,Female,young
48183.84099928571,Female,old
81993.07228471429,Female,young
80259.24842757142,Female,young
61410.70757042857,Male,young
80708.74057042856,Female,old
68543.12885671428,Male,young
44449.6492726084,Female,young
17120.92442814286,Female,young
63004.97022197206,Female,old
68985.71699914287,Female,old
75097.61228471428,Female,old
72376.56342771428,Female,old
54124.2118007269,Female,old
43484.03401671449,Female,young
15968.6124908528,Female,young
55930.83471342857,Male,old
20998.520711142857,Female,old
107998.62828471429,Female,old
82721.53428471429,Female,old
8285.617885,Female,old
49380.77771371429,Female,old
5257.639285714286,Female,young
78355.57385614284,Female,old
35588.486352759726,Female,old
70117.59210610433,Female,young
66661.46871328572,Male,old
48508.0886369828,Female,young
6316.6626819891,Male,young
34066.08570662207,Female,old
84680.94714185715,Female,young
34631.817713714285,Male,young
73656.04299928571,Female,old
72741.07801444855,Female,young
63885.287141857145,Female,young
46395.46116517671,Female,young
86143.49085614286,Female,old
16287.775227852228,Female,old
142.049,Female,young
86385.57685614286,Male,old
76691.64771328573,Female,old
7673.863499857143,Female,young
62768.21642757143,Female,young
68756.43255943235,Female,young
8658.575125718315,Female,young
50770.31499971428,Female,old
82072.943999,Female,young
79605.09557042857,Female,young
74545.54566542982,Female,old
0.0,Female,old
59572.55846742762,Female,old
86030.12285614286,Female,old
75179.08614185713,Female,old
62703.484856285715,Female,old
65409.11614199999,Female,young
68841.24289943544,Female,old
76026.43342757144,Female,young
54790.10385671428,Female,young
86365.13228471429,Female,old
82764.30121784129,Female,old
49363.57217286842,Female,old
65079.802999142856,Female,young
77679.53642757142,Female,young
37881.586999428575,Female,young
75854.55885628572,Male,old
82141.43542757143,Female,old
17146.821467007776,Female,young
92.49187152727143,Female,old
66896.41471342857,Male,young
79679.75499900001,Female,young
85741.75685614286,Male,old
81929.54944772646,Female,old
61367.06857042857,Female,young
86068.77671328573,Male,old
84055.28414185715,Female,old
219.74514285714284,Female,young
35125.94685671428,Female,young
79276.68314185714,Female,old
74650.28348699644,Female,old
9.922275287771429,Male,young
0.0,Female,young
74985.55642757143,Female,old
86399.999999,Female,young
85821.58157042858,Male,young
75798.48514185715,Female,old
56411.73428471428,Female,young
78023.60137141566,Female,young
64255.37076785433,Female,old
82348.07699900001,Female,old
33100.00259327523,Female,young
18744.251444251186,Female,old
58846.40648411744,Female,young
84959.75414185715,Female,old
52374.08314185714,Male,young
59481.78499914286,Female,young
22772.231438425,Female,young
79950.963999,Female,young
82627.53352262221,Female,young
60612.569570857144,Female,young
33506.803352805706,Female,young
60220.58685614286,Female,young
83453.28028471429,Female,old
39692.20772915414,Male,young
71511.71514185714,Female,old
52145.87471328571,Female,old
40344.76799115141,Male,young
84115.72242757144,Female,old
79957.76571328573,Female,young
10584.378857000002,Male,old
2517.8450000000003,Female,old
13484.44342842857,Female,old
30020.780925298215,Female,old
86064.07015200691,Female,old
77765.86642757143,Female,young
61029.06614185714,Female,old
72861.90671328572,Male,old
81972.28185614284,Female,young
74479.04328471428,Female,old
51386.472285,Female,old
36460.82734963786,Female,young
51254.548560815994,Female,young
79793.18328471428,Female,old
409.9857142857143,Female,old
81046.49785614286,Female,old
80764.02657042858,Male,young
65670.61642757143,Female,young
86232.1652847143,Female,old
28577.2429756936,Female,old
69992.05414285713,Female,old
83172.84985614287,Female,old
0.0,Female,young
28079.140713857145,Female,old
35639.03588998836,Male,young
6854.245593566329,Female,young
73024.407999,Female,old
4471.793616567343,Male,young
59101.47757085714,Male,old
56387.12442771428,Male,young
131.96917644570001,Female,young
49033.41314214286,Male,young
0.0,Female,young
52962.20266713498,Female,young
82132.03928471428,Female,young
49034.71324970912,Female,young
25434.073571142857,Female,young
67641.23742757142,Female,young
42117.739713571435,Female,old
12342.857142714287,Male,old
82645.05171328572,Male,old
77511.89928471428,Male,old
84391.62642771428,Female,young
52128.617618725424,Female,young
39359.74110533174,Female,young
67424.44685614285,Female,young
69392.2184277143,Female,young
0.0,Female,young
61062.78214214286,Female,old
55379.57171342857,Female,old
76347.74399914287,Female,young
84565.36228471428,Female,young
83754.79671342857,Female,young
86399.999999,Female,old
0.0,Female,young
82889.19257042858,Female,old
48587.45062027798,Female,young
75947.51271328572,Female,old
73727.01542757143,Female,old
70508.86414185715,Female,young
77446.22314185715,Female,old
68381.21314185714,Female,old
18199.0083232762,Female,young
72318.81528471429,Female,old
57194.56183511067,Female,old
3517.6678068670567,Female,young
74299.36385614285,Female,old
0.0,Female,young
75440.33885614286,Female,young
85476.60585614285,Female,old
48468.13349328579,Female,old
47394.38509714102,Female,old
44939.8856694376,Female,young
86382.07842757144,Female,young
0.0,Male,old
18424.197714142858,Female,young
22730.569439437455,Female,old
1083.2671351432857,Female,young
71799.94371328571,Female,old
85123.72085614286,Female,young
6774.429285571428,Male,young
80247.0477132857,Male,young
45952.429142142864,Female,old
30774.6671347049,Female,young
72706.18257042857,Female,young
86257.37442757144,Male,old
55156.72213929203,Female,young
64106.10099942858,Female,old
45585.749999428575,Male,young
53364.407166005134,Male,old
86399.999999,Male,young
24685.714215857144,Female,young
82147.2463508312,Female,young
80185.35442757142,Female,old
86399.999999,Female,young
17929.791142571426,Male,young
39809.73085671429,Female,young
77935.07257042857,Female,young
60430.52391762063,Male,young
39070.080999714286,Female,young
48800.437999285714,Male,old
58484.997999,Female,young
50917.092856714284,Female,young
45212.32742828572,Female,old
24872.880374829187,Female,young
62871.717570571425,Male,young
9716.485571428571,Female,young
82149.95985628571,Female,young
78794.5669143219,Male,young
72893.448142,Male,old
33196.602857000005,Female,old
45100.12125513477,Female,young
85.9810028587,Female,young
82229.96385614286,Female,old
59901.340713428566,Female,young
11512.595571285714,Female,young
48053.351399862,Female,old
78383.68185614285,Male,young
53693.174856714286,Female,young
49002.27207611406,Female,young
69883.71557042857,Female,young
66685.93228485713,Female,young
11295.2733485579,Female,young
83175.29128471429,Female,old
42168.720957153724,Female,old
65031.233856285726,Female,old
69255.64371328572,Female,old
0.0,Female,young
8123.225007721357,Female,young
25590.984999571432,Male,young
85853.8750856877,Female,old
81922.28414185715,Female,old
86399.99992243074,Female,young
10738.534857,Female,old
9365.266502440843,Female,young
74808.31299899999,Female,young
51097.30066745373,Female,old
61247.648999000005,Female,young
86399.99994964815,Female,young
51701.728365762916,Female,young
80306.72671328571,Female,young
22984.58271385714,Female,old
38785.267428142855,Female,young
79991.923999,Female,young
52687.30965870006,Female,old
41082.123428000006,Female,young
84521.997999,Female,young
76946.60742757143,Female,young
85921.562999,Female,old
85921.562999,Female,old
69638.52314185713,Female,young
66479.14457042857,Female,young
74873.66757071429,Male,old
8740.740428428571,Male,young
62158.989856142856,Female,old
82436.59771328571,Male,young
84084.42414185715,Female,young
60788.82157042857,Female,old
42636.86585642857,Female,old
79805.67557057143,Female,young
16288.347823853876,Female,young
81472.61714185715,Female,old
30744.303832387184,Female,old
23800.185331584744,Female,old
47925.656427571426,Male,old
0.0,Female,young
76496.8999859347,Female,young
42.52021200317143,Female,old
21255.53855744607,Female,old
80856.62142771429,Male,old
5725.775276,Male,young
43614.597330412995,Female,old
49488.212053270996,Female,young
29458.534102710633,Female,old
74441.33799900001,Female,old
86224.95114185715,Female,young
86224.95114185715,Female,young
81808.89601299257,Male,old
115.2763808454878,Male,young
72384.086999,Female,young
84488.31071328573,Female,young
37418.862285285715,Female,old
22453.424351795788,Female,young
0.0,Female,young
61866.65671342857,Female,old
27027.303426006674,Female,young
62729.689141999996,Female,young
56328.165713285714,Female,young
71260.140142,Female,old
18766.417085561126,Female,old
49648.62596156811,Female,old
78487.8575804232,Female,old
51713.09928485715,Female,young
45672.95683218521,Female,young
56315.23471328571,Female,young
67667.11442785714,Female,old
17399.37766115124,Female,old
86399.999999,Female,young
79441.00071328573,Female,young
86399.999999,Female,young
0.0,Female,young
54472.19957085715,Male,old
0.0,Female,old
86399.999999,Male,young
0.0,Female,young
84042.347999,Male,young
38841.07897337707,Female,old
45879.430400273515,Male,young
49057.22214257837,Female,young
55388.46471342857,Female,old
85202.29971328573,Female,old
76220.17385614286,Female,old
74983.83571328572,Male,young
82213.03299914286,Female,young
35548.789304943704,Female,old
70677.712999,Female,old
66452.74257085714,Female,young
67138.71914185715,Female,young
69690.91314185715,Female,old
78245.62937414843,Female,young
84242.48028471429,Female,old
44614.06490701907,Male,young
806.3860967159286,Female,young
45650.573206717716,Male,young
70727.41499928571,Female,old
68824.48169569936,Female,young
36645.694570857144,Female,old
11073.714171153473,Female,young
53189.25796296466,Male,old
72482.75842757142,Female,old
1509.7341631480572,Female,young
67038.26571357143,Female,young
86399.999999,Male,old
67832.77014185714,Female,young
67832.77014185714,Female,young
78943.36685614286,Male,young
66497.43385614286,Female,young
67581.735999,Male,old
83552.21628471429,Male,old
65862.26214185715,Female,old
85161.3737132857,Female,old
59601.03928471428,Female,young
73424.30842757142,Female,old
85883.36799900001,Female,old
47374.722284714284,Female,young
66847.68042771428,Female,young
83578.72271328572,Female,old
0.0,Female,old
79484.281999,Female,young
81028.91671328571,Female,old
39817.516999428575,Female,young
84302.8172847143,Female,young
82332.15685614287,Female,old
78633.83457042857,Male,old
61714.28571357143,Female,old
67863.826999,Male,old
76868.72585614286,Male,old
85056.98914185714,Female,old
64708.25042771428,Female,old
73222.64914185715,Female,young
71214.86271328571,Female,young
20685.64971414286,Female,young
37028.57142814286,Female,young
73609.78014185715,Female,old
34010.26514228571,Female,young
52277.555427571424,Female,young
47185.956570857146,Male,old
76766.14028471429,Male,young
60564.92157042857,Female,old
85375.53714185713,Female,old
17931.952520009127,Female,young
38988.35499928571,Male,young
80663.83571328572,Female,old
84736.51557042857,Male,young
73775.57557071428,Female,old
7787.163260571427,Female,young
0.0,Female,young
37890.73199942857,Female,old
66055.81185642858,Female,old
0.0,Female,young
25501.149714285715,Male,young
0.0,Male,young
22696.143428285715,Female,old
72901.43271328571,Female,old
10077.576714142857,Female,young
74573.52799928572,Male,old
58529.95814185714,Female,young
15360.507841728971,Female,young
12836.629477806115,Female,young
4316.889990731757,Female,young
72412.60128485714,Female,young
13241.570683724056,Female,young
84402.13485614287,Female,young
76808.56999899998,Female,young
53029.799713428576,Female,old
55723.442449697286,Female,young
52454.772661312665,Female,old
69073.02928471428,Female,old
50871.50871385714,Female,young
11066.665211385058,Female,old
83427.4167655449,Female,old
31500.59491424571,Female,old
37367.74362041264,Female,young
5477.904689584818,Female,young
62708.58058889035,Female,old
78158.80171342858,Male,young
59835.67289421117,Female,young
78007.99042771429,Female,old
0.0,Female,young
36380.43229826593,Male,young
45816.06109185823,Female,old
0.0,Female,old
77384.15099914286,Female,old
81241.79671328572,Female,old
18035.070276012273,Male,old
53785.58457366874,Female,young
57558.27585614286,Female,young
20118.408999714284,Female,old
35087.954809974384,Female,young
83729.53114185715,Female,old
7519.442644141471,Female,old
63993.426428,Female,old
77759.89485614286,Female,old
11678.17797441753,Female,old
77309.112999,Female,young
86271.42842757143,Female,young
23484.116605703017,Female,young
78581.29485614285,Male,old
33095.391130157615,Female,young
84060.60385614286,Female,young
64324.98742757143,Male,young
44461.27841976274,Male,young
58401.888,Female,old
0.0,Female,young
10498.56157142857,Female,young
79260.79299900001,Female,young
24290.61442814286,Female,young
27923.588674427072,Female,young
69865.13928471429,Female,young
84795.08171328572,Female,old
60115.80985685714,Male,young
18792.20699957143,Female,young
79820.71528471429,Female,old
54586.27769271064,Female,old
78346.42428471429,Female,young
78061.50752541027,Female,old
57581.75671370675,Female,old
12634.753999857143,Female,young
52305.71328471428,Female,old
23606.126142428573,Male,old
86335.25914185715,Male,young
81720.61857057143,Female,young
29394.92871371429,Male,old
78767.9492847143,Female,old
82055.60599742315,Female,young
85885.71433286116,Female,young
86313.40871328572,Female,old
29418.11506641447,Female,old
31049.382337160325,Female,young
4980.448204997171,Female,old
73403.586999,Male,young
42433.85271342857,Male,old
86399.9999314309,Female,old
84629.49185614286,Male,young
43017.80635278597,Female,young
68139.08557042856,Female,old
74447.16714185715,Female,young
58540.578865707284,Female,young
52659.358713285714,Female,young
57527.144085698696,Female,old
34741.78606585292,Female,old
86399.999999,Male,old
84472.04871328572,Female,young
86336.42257042858,Female,young
81024.28442771429,Female,young
81846.84271328572,Female,young
81419.25942757144,Female,old
48606.447570714285,Male,old
76808.87157057143,Female,old
84879.19171328572,Male,young
6219.241215440628,Female,young
21898.658518123502,Female,old
21293.3152937327,Female,young
65293.37359542741,Female,young
25167.96522213003,Female,young
77439.37700705895,Female,old
55635.28614185715,Female,old
75885.85514185716,Female,young
79649.70742757143,Female,old
83069.52271328573,Female,old
82563.63185614285,Female,old
58560.06042757143,Female,young
21919.135320006946,Female,old
21652.98523270633,Female,young
75982.63942757143,Female,old
70912.994999,Female,old
61459.1591421898,Female,old
50628.153041718186,Female,young
72475.54028471428,Female,old
20663.838458833332,Male,young
75986.01414185714,Female,old
85060.23257042856,Female,young
85476.69671328572,Male,old
79590.07285628571,Female,young
86400.00003114286,Female,young
54534.02370128594,Female,old
86064.72642757143,Female,old
58956.030427714286,Male,young
29669.19644545004,Female,young
48919.84516112887,Female,young
0.0,Female,young
79348.22471328572,Female,young
0.0,Female,young
84832.05914185716,Female,old
40358.074428,Female,old
55860.061427571425,Female,old
80199.760142,Female,old
74161.23914185715,Female,old
71097.72285614286,Female,old
19717.710571,Female,old
41452.75799942856,Female,young
81985.26614185715,Female,old
43947.74668671301,Female,young
58837.795573997064,Female,old
50066.95799914286,Female,old
85530.44609913592,Female,old
11220.0751039872,Female,young
31859.35173033146,Female,young
52603.58442771429,Female,young
68024.90285614286,Female,old
67625.49571328571,Female,young
21347.20880842979,Female,old
36065.12199957143,Female,young
86246.19542757144,Female,old
67861.64728471429,Female,young
23984.363571,Female,young
83935.72714185715,Female,old
61282.351244768826,Female,young
32211.811285285716,Female,young
67796.73985657144,Female,young
47629.27885642857,Female,young
21101.04641273034,Female,young
76693.72072585266,Female,young
69813.59699200664,Female,young
20362.53471385714,Female,young
57962.189141999996,Female,young
1031.2749197142427,Female,young
84501.21957042858,Male,old
47680.367713428575,Female,young
53984.69499928572,Female,old
42.995747566214284,Female,young
84559.65442757144,Female,old
74502.62757057142,Female,young
11388.849714142856,Female,young
61669.04157042858,Male,young
78605.88871342856,Female,young
75985.69228471429,Female,young
69245.53428485715,Female,young
76083.02328614808,Female,young
82386.00185614286,Female,young
69458.90857057144,Female,young
65531.644713571426,Female,young
86279.99114185714,Male,young
83613.11257042857,Female,young
38525.775999714286,Female,old
55925.10085657142,Male,young
48967.93391242966,Female,old
84968.63219242901,Male,old
30502.50298599553,Female,old
31155.550913579344,Female,young
83399.42742757143,Male,old
61059.96948209463,Female,old
52087.52249478052,Male,old
30259.776856714278,Female,old
86399.999999,Female,old
53712.86871328571,Female,young
59967.913999,Female,young
25901.017713999998,Female,young
37652.392428142855,Male,young
13075.287637721685,Female,young
24088.91014271428,Male,young
61430.575142142865,Male,young
70815.65957057143,Female,old
74972.38514214286,Female,young
66933.75633755517,Male,old
83364.41985614286,Female,young
74675.08914185714,Female,old
24951.53599957143,Female,young
3535.6874282857143,Male,young
14342.259714142858,Female,old
86373.511999,Female,young
54162.65335985421,Male,young
37542.806379304384,Female,young
17355.905428428574,Female,old
0.0,Female,young
5984.0832192557145,Male,young
35699.94489765565,Female,young
55826.331570857146,Female,young
20177.224946932187,Female,young
75314.46157057142,Female,old
70762.153999,Female,young
45164.86657042858,Male,old
56004.820856285725,Female,young
74708.74471342858,Female,young
58399.1418263202,Female,old
32399.50054101512,Female,old
71357.47682243824,Female,young
64720.70528485714,Female,young
84156.36157042858,Female,old
23580.019126590858,Male,old
47509.418658687035,Female,old
43343.28852442857,Female,old
15039.887691288857,Female,old
56287.70271371428,Female,old
21814.717999714285,Female,old
84138.97199899999,Female,young
66098.6347132857,Female,young
83929.52130043188,Female,young
79975.44057057143,Female,old
26008.74283629613,Female,young
80002.73785628572,Female,young
69520.88914185714,Female,old
32181.232904612814,Female,young
51504.566876572986,Female,young
22532.730825708386,Female,young
83046.66780425103,Female,young
41971.48428043781,Female,old
51781.08428528572,Female,old
81358.239999,Female,old
76536.02171342858,Female,young
17808.815639401928,Female,young
1375.6189998571429,Female,young
66983.72942757144,Female,young
2093.0898571428575,Female,old
40574.24799928571,Female,old
0.0,Male,young
48677.17086316486,Female,old
55035.802427571434,Female,young
41459.662819602214,Female,young
83192.12828471429,Female,young
79880.81102396885,Male,old
40418.4723672755,Female,old
37072.4179970021,Female,old
32705.24710673221,Female,young
76726.22556197734,Female,old
76892.88314199999,Male,old
21115.928571142857,Female,old
75608.87314185714,Female,old
60382.97407896245,Female,old
34562.76732578676,Female,young
79189.29642771429,Female,old
77282.81999914286,Female,young
66065.35714200001,Female,young
86274.2717132857,Female,young
79831.79705235505,Female,old
83793.64728471429,Male,young
69374.88485628572,Female,young
4749.648743437371,Female,young
76603.43085614286,Female,old
83035.679999,Female,young
84931.607999,Female,old
58670.01942757143,Female,young
13625.31738697297,Female,old
59970.10428485715,Female,young
0.0,Male,old
84823.28814185715,Female,old
81102.95528471428,Female,old
44821.29914973309,Female,young
52333.44099914286,Male,young
41318.12485671429,Female,old
75441.41257042857,Female,young
68820.07114185714,Female,young
71152.59085614285,Female,old
79557.61285614285,Female,young
75628.08142771429,Female,young
66148.40142771429,Male,old
84932.74114185714,Male,old
65718.95999914285,Female,old
76929.28942757144,Male,young
52061.41501150526,Female,young
72678.66444887241,Female,young
59163.78442757142,Female,old
63766.326713285715,Male,old
62175.37257057143,Male,young
65833.94657071428,Female,old
0.0,Female,old
75055.07428471428,Female,young
63311.65685657144,Male,young
0.0,Female,young
65718.56685628572,Female,young
45594.07871357143,Female,young
49209.374713714285,Female,old
63512.907998999995,Female,old
52361.665427857144,Male,young
72595.56999914286,Female,old
34212.71425585714,Female,old
65091.35771328572,Female,young
79044.20428471429,Female,young
80179.03185614287,Female,young
66911.30699914285,Female,young
74178.05042757143,Male,old
15883.597713714287,Female,young
86273.605999,Male,young
54479.31328485715,Female,young
82414.05028471429,Female,old
65463.941999142866,Male,old
32596.87112290637,Female,young
84096.73571328571,Female,young
60252.08342828572,Female,young
80653.62471328571,Female,old
71997.29599914285,Male,old
130.2924735546143,Female,old
30909.489131692302,Male,young
77591.75785614285,Female,old
57171.691427714286,Female,young
44167.72861928745,Female,old
74185.729999,Female,young
1688.4307142857142,Male,young
20104.590087287543,Male,young
76635.120142,Female,old
59083.48457071429,Male,young
79906.70814185715,Male,old
75381.697999,Female,old
66633.75142757143,Female,young
83572.51528471429,Female,old
51114.963891576896,Female,old
78503.12171328571,Female,young
81125.94114185715,Female,old
51136.19042771428,Female,young
71902.45828471429,Female,old
59665.11971328571,Female,old
79677.39085614285,Female,old
66564.74371328572,Female,young
85995.87885614287,Female,old
78096.31042757143,Female,young
62894.91758513676,Female,young
59794.93828485714,Male,young
44497.25999942857,Female,young
51226.933856428564,Male,old
28384.283961897723,Female,old
61524.53971328571,Female,old
86399.999999,Male,old
2.078845032623836e-12,Female,young
54481.071427999996,Female,old
25231.522874871098,Female,young
83472.52642757143,Female,young
84353.76445160007,Female,old
71522.89892651579,Female,young
17158.288428285712,Female,young
17888.640635575157,Female,old
50076.20128471429,Male,young
56066.25856545182,Female,young
85252.02157042858,Female,old
43184.402996241886,Female,young
66882.15185714285,Female,old
53332.656137003876,Female,young
30966.686571285714,Male,old
26824.90707612936,Female,young
35139.58092943213,Female,old
83924.63957042857,Female,young
84925.16857042858,Female,young
64932.099379852756,Male,old
71394.82928514286,Female,old
73390.84985642857,Male,old
75666.59342757144,Female,old
55834.14071328571,Male,old
62662.831141999995,Female,old
85538.72857042858,Female,old
83725.16342757143,Female,old
40682.75057071429,Female,old
39329.34491140821,Female,young
38988.43352558581,Female,old
19555.6016025793,Female,young
56805.72478343999,Female,young
82512.16857057143,Female,old
70678.79314185715,Male,young
74943.52799914285,Female,young
21208.988999356217,Female,young
81883.980999,Female,old
48313.64942800001,Female,old
2291.907767295843,Female,young
60477.48442757143,Female,young
56103.77128528571,Female,young
37707.43854886183,Male,young
26958.287684574985,Female,old
78747.20328471428,Female,old
0.0,Male,old
57972.07214214285,Male,young
76943.36883381334,Female,old
42468.62771371428,Female,young
80737.23857042857,Female,young
77067.38057042858,Male,old
71083.39771342857,Female,young
78054.16971328572,Female,young
54047.29796178762,Female,young
82631.24971328571,Female,old
55712.095284999996,Female,old
150.9564460005,Female,young
34646.492980162104,Female,old
76806.40257057143,Male,young
37757.67851400017,Female,young
86039.73228471428,Female,young
79265.28157042859,Female,young
83762.34614185714,Female,young
83614.51014185716,Female,old
63917.95885628571,Female,old
84263.583999,Female,old
85945.63824843986,Female,old
83688.66242757144,Female,young
83888.010999,Female,old
78944.50047886498,Female,old
81068.20942757142,Female,young
4821.175714285714,Female,young
36923.81355915987,Female,old
79706.30571328572,Female,young
85990.87614185715,Male,old
81117.40528471429,Female,old
11149.1787148815,Female,young
38564.90361127612,Female,old
55734.973056281604,Female,young
13035.710194412473,Female,young
81256.154999,Female,old
64034.71428471429,Female,young
11863.005142714284,Female,young
57935.25789350656,Female,young
81605.85085614285,Female,young
51697.54157042857,Female,young
84010.83271328571,Female,old
66917.59174280064,Female,old
58590.387427857146,Female,old
20478.057667561927,Female,young
77556.35857057142,Female,young
57071.96020704093,Female,old
22021.223087562674,Female,young
77403.74642757143,Female,young
84271.282999,Female,young
83967.0507132857,Male,young
53749.57951659569,Male,young
82594.961999,Female,old
86399.999999,Female,young
20046.774428285717,Male,old
76159.69785628571,Female,old
38230.627944113956,Female,old
77937.35171357144,Female,old
70830.80214185714,Female,young
24353.86837657572,Female,young
34039.875113443355,Female,young
49133.054454572535,Female,young
47308.60614185714,Female,old
60581.47728471429,Female,old
86277.71371328572,Female,old
29770.744873226442,Male,young
69974.63871385714,Male,young
63440.73014185714,Female,old
82257.44128471428,Female,old
77628.3147132857,Male,young
58989.12399914286,Female,young
70569.57828471428,Female,old
84689.46728471431,Female,young
86399.999999,Male,old
68716.73842757143,Female,young
30607.246956136918,Female,young
56683.16152628375,Female,old
0.0,Female,young
52483.370125720685,Female,young
77773.65528471429,Female,young
59420.53099914286,Female,old
8198.972262988915,Female,young
76664.17814185715,Male,old
72378.67985628571,Male,old
84701.11514185715,Female,old
25033.295232840985,Female,young
71577.96228471429,Female,old
0.0,Female,young
23866.123571285716,Female,young
45672.68957057143,Female,old
75915.22530636925,Female,young
73331.46871342858,Female,young
0.0,Female,old
82524.58714185715,Female,young
0.0,Male,old
84316.674142,Female,old
83048.50699985714,Female,young
45325.03049172914,Female,old
43427.14471371429,Male,old
84944.62914185715,Female,old
72040.08942757144,Female,old
58795.38785642858,Female,old
62685.19942771429,Female,old
49766.38499928571,Female,young
36281.60635072433,Female,young
41022.560364463476,Female,young
78612.67757042857,Female,young
8546.563817571428,Female,young
81161.50442757143,Male,old
74043.3272157183,Male,old
75363.78214185715,Female,old
0.0,Male,young
9522.034826286386,Male,old
69186.35028471428,Female,young
72089.355999,Female,young
46729.285076845714,Female,old
13844.474142714287,Male,young
23321.29908271447,Female,young
60263.115142142866,Female,old
66560.58457057143,Female,old
86406.07557042858,Female,young
31945.075142428574,Female,old
27368.119517851457,Female,young
84338.89557042858,Female,young
63000.82457168711,Female,old
63223.951856142856,Female,old
70424.63828485714,Female,old
82228.53573856967,Female,young
9729.030571000001,Male,young
86400.00009114287,Female,young
56268.156306587756,Male,young
76787.91971328572,Male,old
36839.09771385714,Male,young
68004.19771328571,Female,young
84517.59314185716,Female,old
57145.905141999996,Female,old
55579.99692575446,Female,old
60628.15928471428,Female,old
59576.97371371429,Female,young
78303.44271328571,Female,young
83448.85314185715,Female,young
74802.87028471428,Female,young
58106.449856142855,Male,old
64684.855285000005,Female,old
46030.50211039682,Female,old
36317.50784314317,Female,old
86399.999999,Female,old
0.0,Female,young
64042.538285,Female,young
78208.26714185714,Male,young
1165.1878571428572,Female,young
12656.02814257143,Female,young
66885.67728471429,Female,old
61386.099999142854,Female,old
27065.994975862202,Female,young
86399.999999,Female,young
40218.94084738017,Female,young
86399.999999,Male,young
13397.965428285714,Male,young
58530.91757071429,Female,young
77261.42985614286,Female,young
55297.49471357143,Female,young
39375.692720146944,Female,young
14061.757504414596,Female,young
37473.98999957143,Female,young
71289.94450440184,Female,young
23270.351741597213,Female,young
61357.73193724818,Female,young
53595.42752986973,Female,old
75519.20171328571,Male,old
35717.496327450724,Female,old
66541.38556510487,Female,old
48288.7542374407,Female,young
56290.49853454813,Male,young
68177.04350500336,Female,old
20580.582411572657,Female,young
8444.094070425659,Female,young
57898.05099900001,Female,young
80356.45771328571,Female,old
44777.61457085714,Male,young
85645.25728471429,Male,old
33350.677571,Female,old
81502.16871328572,Female,old
45885.79714185715,Female,young
63000.93419473536,Female,young
37003.547707149366,Female,young
83628.34173155126,Male,old
60601.374713428566,Female,old
30051.438285142856,Female,old
79939.28542757142,Male,old
64660.07485628571,Female,old
79658.99867555083,Female,old
58125.710142,Female,old
69195.35342757143,Female,young
72650.740999,Female,old
86399.999999,Male,young
69709.93971342857,Female,old
71964.96414228572,Male,old
49172.30262415285,Female,old
65498.07459315229,Female,old
54371.899856428565,Female,old
73260.54442757143,Female,old
19803.591142857145,Female,young
73014.66157057144,Female,young
86399.999999,Female,young
21836.217721145582,Female,young
0.0,Female,old
42156.501999428576,Male,young
70394.78357042858,Male,young
55019.75928471429,Female,young
6889.757518860314,Female,young
85407.73071328572,Female,old
34855.30579726604,Female,old
85700.47199899999,Female,young
72161.23657042858,Male,young
70250.36957042858,Male,old
3196.031645275386,Female,old
82245.32585614287,Female,young
53911.61385705564,Female,old
13261.403513837971,Female,young
50815.767342393185,Female,old
83232.83285614286,Female,young
63905.734713428574,Female,young
0.0,Female,young
17386.583077980456,Female,old
43217.960571,Male,young
70688.78014199999,Male,old
28643.729142,Male,old
81468.23785614285,Female,old
82956.07742757142,Female,old
70089.49342785715,Male,young
54294.940713285716,Female,young
80684.45685628572,Female,old
421.1043975693857,Female,old
24677.5191235757,Male,young
86399.999999,Female,young
86399.999999,Female,young
86399.999999,Female,young
0.0,Female,old
43957.22992615665,Female,young
86107.86371328573,Female,old
33996.56346031013,Female,old
16336.719068714228,Female,young
66898.49485614286,Female,young
85541.40099899999,Female,old
67448.36942771428,Female,old
64334.96657071429,Female,old
73656.28228571429,Female,young
84887.83185628572,Female,young
31373.04685671429,Female,young
43707.126285142855,Female,young
70165.32857042857,Female,old
2.078845032623836e-12,Female,young
80235.11957042858,Female,old
82422.62228471428,Male,young
79361.03271328572,Female,young
59276.68801571404,Female,young
86399.99999955621,Female,old
70885.72584609925,Female,young
56142.773856428576,Male,young
837.1301807165144,Female,old
55863.5230877924,Female,young
30477.637713714288,Female,young
84370.37585614285,Female,young
59111.867806513146,Female,young
64925.92557042856,Female,old
84682.20828471429,Female,young
33808.419733289615,Female,young
13662.875428285715,Female,old
75854.09642771429,Female,old
0.0,Female,young
69877.48642814286,Male,young
68282.57128471429,Male,young
60407.82596101763,Female,young
78986.35171342858,Female,old
8417.954347831657,Female,young
1238.7769828601572,Female,young
62520.01285628572,Female,young
83561.836999,Female,young
84301.0752847143,Female,old
12342.857142714287,Male,young
27225.75879357747,Female,young
15365.357446423586,Female,old
84497.70242757144,Female,young
52765.903999142865,Female,old
39968.507714,Female,young
84768.65671328572,Male,old
3228.545207006598,Female,old
82285.08335373706,Female,old
84388.38357042857,Male,young
86399.999999,Male,old
72798.81871342857,Female,old
14846.563785709874,Female,old
7321.437285571429,Female,old
83741.65757042858,Female,old
51534.166999,Female,old
24697.12654809876,Male,young
86399.999999,Female,old
80418.61642757143,Female,young
53236.430382576655,Female,young
73568.60528471429,Female,old
49823.76799395243,Female,young
24131.12453005226,Male,young
66108.84971357144,Male,young
5250.463641142857,Male,young
42253.003262834376,Female,old
71000.9604277143,Female,young
48959.45999928571,Male,young
30575.25294499117,Female,young
56149.50271342857,Male,old
67205.126999,Female,young
86315.61314185716,Female,old
82988.86385614287,Female,old
35649.134416,Female,old
86296.96871328572,Female,young
46720.34414100711,Female,old
5265.0028569999995,Female,young
57402.921570428574,Female,young
82245.7532305717,Female,old
76998.96711371969,Female,old
58751.53742757143,Female,old
15719.848077835914,Female,young
78775.66414185715,Female,young
0.0,Male,young
59231.760427571426,Female,young
0.0,Female,old
18800.35071414286,Female,young
21741.971856857144,Male,old
42789.21114228571,Female,old
79524.30114185716,Female,young
48563.30468085932,Female,young
67085.80528485714,Female,old
21464.400142714283,Female,young
50600.91089349082,Male,young
50576.52671437764,Female,old
70350.03557042858,Female,old
78912.02185614288,Female,old
50656.00928485714,Female,old
61319.19057057142,Female,old
63607.14971328572,Female,old
41645.853142142856,Male,old
81107.26042757144,Female,old
53383.86257042857,Female,old
85911.41685614285,Female,old
73933.617999,Female,old
79552.64328471429,Female,old
68189.17628471428,Female,old
61299.21977385594,Female,young
32026.544993141775,Female,old
40068.66429400075,Female,young
0.0,Female,young
71294.14228485714,Female,old
71313.84642757142,Female,old
76154.17228514285,Female,young
73494.01543716944,Female,old
41775.51458388346,Female,young
61866.84018713898,Female,old
26691.300260256754,Female,young
25287.709278921913,Female,young
42380.25285628571,Female,old
37731.514706232665,Female,old
78441.69928500001,Female,old
66117.04628485713,Female,young
82648.18314185714,Female,old
0.0,Female,old
84201.19357042857,Female,young
66609.46757042856,Female,old
79674.35642757143,Male,old
67808.61585614286,Female,old
81255.43842771428,Male,young
16083.171570857141,Male,young
9008.501428285714,Male,young
67640.93742771428,Female,young
80556.83826784813,Female,young
64840.66028485715,Male,old
24375.064571,Male,young
85668.98728471428,Male,old
72092.72495419046,Female,young
84773.91099957142,Female,young
78497.11242757144,Female,young
60570.22771357143,Female,young
48122.82892365566,Male,old
0.0,Female,young
83500.385999,Female,old
24027.07021728739,Female,young
73494.374142,Female,old
14773.144044280043,Female,young
5638.466964721542,Male,old
38371.41956882485,Female,young
85211.88528471428,Female,old
86316.25071328573,Female,young
17714.36220456733,Female,old
63440.04114214286,Female,young
80628.21785614286,Female,old
3861.86969,Female,young
4478.596032135414,Female,young
58918.245701925174,Male,old
86399.999999,Female,old
34490.69926627683,Female,old
84658.39371328571,Female,old
75263.34785628572,Male,old
70404.20015958764,Female,old
23117.507856714285,Female,young
2.078845032623836e-12,Female,old
55056.105999142856,Female,old
38147.902285,Female,young
9913.072181309955,Female,young
0.0,Female,young
17173.15068258326,Female,young
68576.5469318615,Male,old
75622.04828471427,Female,young
58777.64289631439,Male,old
33689.736324312405,Female,young
75200.20042757143,Female,young
50028.04626457248,Female,old
83238.15599971428,Female,young
64136.57628485714,Female,old
27481.35459558799,Female,young
0.0,Female,young
80038.37457042858,Male,old
78354.83285614286,Male,old
72047.74999899999,Male,young
68642.67271328572,Female,young
69252.19257057142,Female,old
82645.213999,Male,young
86368.86342757144,Female,young
51655.30499914287,Female,young
47934.02928471429,Female,young
0.0,Female,old
16277.593844561361,Female,old
85851.49842757142,Female,old
75185.07814185714,Female,young
77835.30828471428,Male,young
12191.77680015693,Female,old
62815.584285000004,Female,young
74834.87885614285,Male,young
24782.478571000003,Male,young
43351.20371357143,Male,young
85696.31957042858,Female,young
76133.00471328571,Female,old
59542.59042757143,Female,young
46464.869933161805,Female,young
22197.6528271401,Female,young
25071.49899957143,Female,young
50410.31785614286,Female,old
18412.906165420143,Female,old
13102.275234014756,Female,young
39437.61314214285,Male,old
39189.00228528572,Female,old
66980.13872757017,Female,old
59316.48514214286,Female,young
7961.838428428571,Female,old
76313.17387644979,Female,old
77809.5822847143,Female,old
85006.04457042858,Female,old
73862.03457042857,Female,old
28915.34165556447,Male,young
75162.64385614285,Female,young
23525.587713857145,Female,young
51885.05014185714,Female,old
82006.46985614287,Female,old
82120.04657042856,Female,old
18141.985142571426,Male,young
81634.12656152544,Female,old
0.0,Female,young
74603.16157042857,Female,young
62180.088428285715,Male,young
62554.29028471429,Female,young
39442.96490634503,Female,young
63071.52385614286,Male,old
39944.45471385714,Female,old
85999.7892847143,Female,young
55831.89228471428,Male,old
35670.00989155621,Female,old
55488.30128471429,Female,young
48477.463359698406,Female,young
65366.98920427036,Female,old
23010.19828542857,Male,old
81181.06571328572,Female,young
30993.408643148356,Female,old
58636.650999,Male,young
76147.01742757144,Female,old
65004.56871328571,Female,old
65506.923713285716,Female,old
83948.10757042856,Female,old
0.0,Female,young
47214.643648871584,Female,young
83557.46757042858,Female,old
59327.474856142864,Female,young
83555.05432940382,Female,old
73713.72914185714,Female,young
81561.75799914285,Female,young
54008.70640985714,Female,young
78278.857999,Female,old
84155.75914185714,Female,young
60845.89657042857,Female,old
85248.030999,Female,young
7539.430808220585,Female,old
80716.96328471428,Male,young
23784.718861727615,Male,young
86399.999999,Female,old
83718.18714185714,Male,young
81103.8882847143,Female,old
21700.679142571425,Female,young
2365.136377845498,Female,young
54052.52785628572,Female,old
81739.32057042858,Female,old
86356.33957042858,Female,old
79472.61828471429,Female,young
84474.88185614286,Female,young
40630.56293528991,Female,young
79920.83028485715,Male,old
66805.81379271547,Female,young
52933.01342785714,Female,young
43741.558343011435,Female,young
50199.97369113732,Female,young
53278.843427857144,Male,old
17729.546623301187,Male,old
85270.63985614285,Female,young
51929.448427999996,Male,old
76544.76379343837,Female,old
11609.352856139998,Female,old
19557.43595330999,Female,old
24013.333715721343,Female,young
70851.56099914286,Male,old
73773.9644277143,Female,young
71543.94828485715,Female,young
57092.24835489398,Male,old
58294.92157057143,Female,old
86400.00001585836,Female,young
83200.18342771428,Female,young
54801.15748620197,Female,young
54581.05395289955,Female,old
82581.68985614285,Female,young
84338.48842757144,Female,old
80746.45257042858,Male,old
86399.999999,Female,young
82348.17844444462,Male,old
0.0,Female,old
80442.54271328573,Male,old
81601.52199899999,Male,young
27064.876780888597,Male,young
84005.10890984663,Female,young
55424.10283042323,Female,young
74027.417142,Male,young
70438.07542771428,Female,young
34906.66856098503,Female,young
21061.776637807685,Female,young
25965.387285285713,Male,young
6598.787923012484,Female,old
41530.22599985714,Female,young
81541.3032847143,Male,old
2720.5219999999977,Female,young
65105.55682157649,Female,old
79071.30271328571,Female,young
43216.09657071428,Male,old
72901.70199928571,Male,old
51176.46578984723,Female,young
3043.798949684414,Female,old
82784.05228471429,Male,old
26731.344570999998,Male,young
27452.556141119472,Female,young
18370.917737140117,Female,old
7169.440702147943,Female,young
35742.0505428698,Female,young
45021.264394851205,Female,old
48089.632428,Female,old
38962.49171989031,Male,old
62879.87835499825,Male,old
28693.1987640433,Female,young
61474.80728485715,Female,young
34883.71347429055,Female,young
63860.73771328571,Female,young
28801.004087713056,Female,young
63980.899856428565,Male,young
0.0,Female,old
16985.83128542857,Female,young
0.0,Female,old
74714.15661142471,Female,old
60493.9848499617,Female,young
31987.88494957572,Female,young
36166.66324748674,Female,young
12186.419195428572,Female,young
0.0,Female,young
36193.49173955942,Male,young
76402.05371342857,Female,young
3525.8470584447,Male,young
76468.85285614287,Male,young
85830.85299900001,Female,young
