feature,coefficient,p_value,abs_coefficient,bucket
travel_diameter_m7:C(sex)[Male]:C(age_binary)[old],-35.744,0.007,35.744,sociability
Intercept,22.2506,0.0,22.2506,sleep
Intercept,22.0277,0.0,22.0277,sleep
Intercept,13.8995,0.0,13.8995,sociability
travel_diameter_s7:C(sex)[Male]:C(age_binary)[old],-13.7756,0.006,13.7756,sociability
Intercept,13.4718,0.0,13.4718,sociability
Intercept,13.4508,0.0,13.4508,sociability
Intercept,13.4351,0.0,13.4351,device_usage
Intercept,13.415,0.0,13.415,sociability
Intercept,13.4091,0.0,13.4091,sociability
Intercept,13.4048,0.0,13.4048,sleep
Intercept,13.3994,0.0,13.3994,sociability
Intercept,13.3885,0.0,13.3885,sociability
Intercept,13.3849,0.0,13.3849,device_usage
Intercept,13.3784,0.0,13.3784,sociability
Intercept,13.3546,0.0,13.3546,device_usage
Intercept,13.3295,0.0,13.3295,sociability
Intercept,13.3151,0.0,13.3151,device_usage
Intercept,13.3117,0.0,13.3117,sociability
Intercept,13.3054,0.0,13.3054,sleep
Intercept,13.3026,0.0,13.3026,sociability
Intercept,13.2998,0.0,13.2998,sociability
Intercept,13.2815,0.0,13.2815,sociability
Intercept,13.2679,0.0,13.2679,sociability
Intercept,13.2677,0.0,13.2677,sociability
Intercept,13.2553,0.0,13.2553,sociability
Intercept,13.2529,0.0,13.2529,sociability
Intercept,13.2318,0.0,13.2318,sociability
Intercept,13.2223,0.0,13.2223,device_usage
Intercept,13.2091,0.0,13.2091,activity
Intercept,13.2036,0.0,13.2036,sociability
Intercept,13.2023,0.0,13.2023,sociability
Intercept,13.1937,0.0,13.1937,sociability
Intercept,13.1732,0.0,13.1732,sociability
Intercept,13.1563,0.0,13.1563,sociability
Intercept,13.1313,0.0,13.1313,sociability
Intercept,13.1304,0.0,13.1304,sociability
Intercept,13.1265,0.0,13.1265,sociability
Intercept,13.1238,0.0,13.1238,activity
Intercept,13.1217,0.0,13.1217,device_usage
Intercept,13.1163,0.0,13.1163,device_usage
Intercept,13.1054,0.0,13.1054,device_usage
Intercept,13.1045,0.0,13.1045,sociability
Intercept,13.0935,0.0,13.0935,device_usage
Intercept,13.087,0.0,13.087,activity
Intercept,13.0859,0.0,13.0859,device_usage
Intercept,13.0799,0.0,13.0799,activity
Intercept,13.0405,0.0,13.0405,device_usage
Intercept,13.0339,0.0,13.0339,sociability
Intercept,13.0319,0.0,13.0319,sociability
Intercept,13.0313,0.0,13.0313,sociability
Intercept,13.0295,0.0,13.0295,device_usage
Intercept,13.0224,0.0,13.0224,sociability
Intercept,13.0066,0.0,13.0066,activity
Intercept,12.9931,0.0,12.9931,activity
Intercept,12.9821,0.0,12.9821,activity
Intercept,12.9527,0.0,12.9527,device_usage
Intercept,12.9316,0.0,12.9316,activity
Intercept,12.9294,0.0,12.9294,activity
Intercept,12.9289,0.0,12.9289,activity
Intercept,12.9285,0.0,12.9285,device_usage
Intercept,12.9131,0.0,12.9131,sociability
Intercept,12.9068,0.0,12.9068,sociability
Intercept,12.8989,0.0,12.8989,sociability
Intercept,12.8932,0.0,12.8932,device_usage
Intercept,12.8798,0.0,12.8798,activity
Intercept,12.8639,0.0,12.8639,device_usage
Intercept,12.8531,0.0,12.8531,activity
Intercept,12.8463,0.0,12.8463,activity
Intercept,12.8457,0.0,12.8457,device_usage
Intercept,12.8431,0.0,12.8431,activity
Intercept,12.8365,0.0,12.8365,activity
Intercept,12.8309,0.0,12.8309,device_usage
Intercept,12.8237,0.0,12.8237,activity
Intercept,12.8026,0.0,12.8026,sociability
Intercept,12.7958,0.0,12.7958,sociability
Intercept,12.7833,0.0,12.7833,sociability
Intercept,12.7618,0.0,12.7618,activity
Intercept,12.7558,0.0,12.7558,sociability
Intercept,12.7491,0.0,12.7491,sleep
Intercept,12.7446,0.0,12.7446,activity
Intercept,12.7357,0.0,12.7357,activity
Intercept,12.7344,0.0,12.7344,sleep
Intercept,12.7323,0.0,12.7323,activity
Intercept,12.6738,0.0,12.6738,activity
Intercept,12.6719,0.0,12.6719,activity
Intercept,12.6709,0.0,12.6709,sleep
Intercept,12.6657,0.0,12.6657,activity
Intercept,12.6657,0.0,12.6657,activity
Intercept,12.6569,0.0,12.6569,activity
Intercept,12.6519,0.0,12.6519,activity
Intercept,12.6382,0.0,12.6382,activity
Intercept,12.6382,0.0,12.6382,activity
Intercept,12.6324,0.0,12.6324,activity
Intercept,12.6315,0.0,12.6315,sleep
Intercept,12.6171,0.0,12.6171,activity
Intercept,12.6171,0.0,12.6171,activity
Intercept,12.6164,0.0,12.6164,sociability
Intercept,12.5434,0.0,12.5434,activity
Intercept,12.531,0.0,12.531,activity
Intercept,12.5259,0.0,12.5259,activity
Intercept,12.5259,0.0,12.5259,activity
Intercept,12.488,0.0,12.488,activity
Intercept,12.448,0.0,12.448,sleep
Intercept,12.4374,0.0,12.4374,sleep
Intercept,12.4312,0.0,12.4312,activity
Intercept,12.3741,0.0,12.3741,sociability
Intercept,12.2683,0.0,12.2683,sleep
Intercept,12.1628,0.0,12.1628,device_usage
Intercept,12.1416,0.0,12.1416,device_usage
Intercept,12.1336,0.0,12.1336,activity
Intercept,12.0511,0.0,12.0511,activity
Intercept,12.037,0.0,12.037,activity
Intercept,11.9987,0.0,11.9987,sociability
Intercept,11.9741,0.0,11.9741,sleep
Intercept,11.9436,0.0,11.9436,sociability
Intercept,11.8642,0.0,11.8642,sociability
Intercept,11.4696,0.0,11.4696,sociability
Intercept,11.1406,0.0,11.1406,sleep
Intercept,11.1381,0.0,11.1381,sleep
Intercept,10.9051,0.0,10.9051,sleep
Intercept,10.6157,0.0,10.6157,sleep
Intercept,10.5212,0.0,10.5212,sleep
Intercept,9.8106,0.0,9.8106,sleep
Intercept,9.6087,0.0,9.6087,sleep
Intercept,9.5677,0.0,9.5677,sleep
travel_diameter_m14:C(sex)[Female]:C(age_binary)[old],-9.5064,0.037,9.5064,sociability
Intercept,9.4504,0.0,9.4504,sleep
Intercept,8.7821,0.003,8.7821,sleep
Intercept,8.3774,0.0,8.3774,sleep
travel_diameter_m7:C(sex)[Female]:C(age_binary)[old],-7.5472,0.021,7.5472,sociability
Intercept,6.7092,0.004,6.7092,sleep
travel_diameter_s14:C(sex)[Female]:C(age_binary)[old],-2.4387,0.038,2.4387,sociability
screen_unlocks_s7:C(sex)[Male]:C(age_binary)[young],-2.271,0.0,2.271,device_usage
screen_unlocks_s14:C(sex)[Male]:C(age_binary)[young],-2.2674,0.0,2.2674,device_usage
sleep_interruptions_m7:C(sex)[Male]:C(age_binary)[old],-2.1807,0.021,2.1807,sleep
travel_diameter_s7:C(sex)[Female]:C(age_binary)[old],-2.1397,0.019,2.1397,sociability
sleep_interruptions_s7:C(sex)[Male]:C(age_binary)[old],-2.107,0.014,2.107,sleep
screen_unlocks_m7:C(sex)[Male]:C(age_binary)[young],-1.9034,0.0,1.9034,device_usage
screen_unlocks_m14:C(sex)[Male]:C(age_binary)[young],-1.8067,0.0,1.8067,device_usage
ec_PedometerData_m14:C(sex)[Male]:C(age_binary)[old],-1.763,0.0,1.763,activity
steps_least_active_5h_m14:C(sex)[Male]:C(age_binary)[old],-1.698,0.0,1.698,activity
steps_least_active_5h_m7:C(sex)[Male]:C(age_binary)[old],-1.6925,0.0,1.6925,activity
display_events_s14:C(sex)[Male]:C(age_binary)[old],-1.6583,0.0,1.6583,device_usage
ec_DeviceDisplayStatus_s14:C(sex)[Male]:C(age_binary)[old],-1.5666,0.0,1.5666,device_usage
display_events_m14:C(sex)[Male]:C(age_binary)[old],-1.5541,0.0,1.5541,device_usage
display_events_s7:C(sex)[Male]:C(age_binary)[old],-1.5479,0.0,1.5479,device_usage
ec_DeviceDisplayStatus_s7:C(sex)[Male]:C(age_binary)[old],-1.5277,0.0,1.5277,device_usage
time_at_home_s14:C(sex)[Male]:C(age_binary)[old],-1.4952,0.0,1.4952,sociability
ec_PedometerData_m7:C(sex)[Male]:C(age_binary)[old],-1.4429,0.001,1.4429,activity
time_at_home_s7:C(sex)[Male]:C(age_binary)[old],-1.4261,0.0,1.4261,sociability
ec_DeviceDisplayStatus_m14:C(sex)[Male]:C(age_binary)[old],-1.3942,0.0,1.3942,device_usage
ec_Location_m7:C(sex)[Male]:C(age_binary)[old],-1.3693,0.0,1.3693,sociability
loc_entropy_s14:C(sex)[Male]:C(age_binary)[old],-1.351,0.001,1.351,sociability
num_location_clusters_s7:C(sex)[Male]:C(age_binary)[old],-1.3468,0.001,1.3468,sociability
display_events_m7:C(sex)[Male]:C(age_binary)[old],-1.3436,0.0,1.3436,device_usage
ec_PedometerData_s14:C(sex)[Male]:C(age_binary)[old],-1.307,0.004,1.307,activity
ec_Location_m14:C(sex)[Male]:C(age_binary)[old],-1.299,0.0,1.299,sociability
step_count_m14:C(sex)[Male]:C(age_binary)[old],-1.2947,0.0,1.2947,activity
active_time_m14:C(sex)[Male]:C(age_binary)[old],-1.2928,0.0,1.2928,activity
activity_percent_m14:C(sex)[Male]:C(age_binary)[old],-1.2928,0.0,1.2928,activity
ec_Location_s14:C(sex)[Male]:C(age_binary)[old],-1.2594,0.001,1.2594,sociability
ec_DeviceDisplayStatus_m7:C(sex)[Male]:C(age_binary)[old],-1.2556,0.0,1.2556,device_usage
screen_unlocks_s14:C(sex)[Male]:C(age_binary)[old],-1.2421,0.007,1.2421,device_usage
sleep_end_s14:C(sex)[Female]:C(age_binary)[young],1.2404,0.0,1.2404,sleep
total_activity_duration_s7:C(sex)[Male]:C(age_binary)[old],-1.2198,0.004,1.2198,activity
time_at_location_2_m14:C(sex)[Male]:C(age_binary)[old],-1.2123,0.006,1.2123,sociability
sleep_end_s14:C(sex)[Female]:C(age_binary)[old],1.1913,0.001,1.1913,sleep
ec_Location_s7:C(sex)[Male]:C(age_binary)[old],-1.1643,0.002,1.1643,sociability
sleep_end_s7:C(sex)[Female]:C(age_binary)[old],1.1564,0.0,1.1564,sleep
sleep_duration_s14:C(sex)[Female]:C(age_binary)[young],1.1529,0.0,1.1529,sleep
device_use_percent_m14:C(sex)[Male]:C(age_binary)[young],-1.1279,0.001,1.1279,device_usage
sleep_end_s7:C(sex)[Female]:C(age_binary)[young],1.1271,0.0,1.1271,sleep
activity_percent_m7:C(sex)[Male]:C(age_binary)[old],-1.1175,0.001,1.1175,activity
active_time_m7:C(sex)[Male]:C(age_binary)[old],-1.1175,0.001,1.1175,activity
device_use_percent_m14:C(sex)[Male]:C(age_binary)[old],-1.0923,0.029,1.0923,device_usage
walking_rate_s7:C(sex)[Male]:C(age_binary)[young],-1.0692,0.0,1.0692,activity
loc_entropy_m14:C(sex)[Male]:C(age_binary)[old],-1.0646,0.002,1.0646,sociability
time_at_location_2_m7:C(sex)[Male]:C(age_binary)[old],-1.0581,0.016,1.0581,sociability
step_count_m7:C(sex)[Male]:C(age_binary)[old],-1.051,0.001,1.051,activity
walking_rate_s14:C(sex)[Male]:C(age_binary)[young],-1.0475,0.0,1.0475,activity
time_at_location_2_s7:C(sex)[Male]:C(age_binary)[old],-1.0454,0.023,1.0454,sociability
loc_entropy_s7:C(sex)[Male]:C(age_binary)[old],-1.0451,0.002,1.0451,sociability
device_use_percent_m7:C(sex)[Male]:C(age_binary)[young],-1.0387,0.003,1.0387,device_usage
num_location_clusters_m14:C(sex)[Male]:C(age_binary)[old],-1.0369,0.002,1.0369,sociability
display_events_s14:C(sex)[Male]:C(age_binary)[young],-1.0279,0.001,1.0279,device_usage
total_location_duration_s7:C(sex)[Male]:C(age_binary)[old],-1.0262,0.033,1.0262,sociability
step_count_s14:C(sex)[Male]:C(age_binary)[old],-1.0132,0.004,1.0132,activity
loc_entropy_m7:C(sex)[Male]:C(age_binary)[old],-1.011,0.004,1.011,sociability
sleep_routine_index_m7:C(sex)[Male]:C(age_binary)[old],-1.0024,0.0,1.0024,sleep
display_events_s7:C(sex)[Male]:C(age_binary)[young],-0.9985,0.003,0.9985,device_usage
ec_Activity_m7:C(sex)[Male]:C(age_binary)[old],-0.9985,0.023,0.9985,activity
ec_DeviceDisplayStatus_s7:C(sex)[Male]:C(age_binary)[young],-0.9975,0.0,0.9975,device_usage
ec_PedometerData_s7:C(sex)[Male]:C(age_binary)[old],-0.9974,0.032,0.9974,activity
ec_Activity_m14:C(sex)[Male]:C(age_binary)[old],-0.9911,0.022,0.9911,activity
sleep_duration_s7:C(sex)[Female]:C(age_binary)[young],0.9794,0.0,0.9794,sleep
chronotype_score_m14:C(sex)[Female]:C(age_binary)[young],0.974,0.0,0.974,sleep
total_location_duration_s14:C(sex)[Male]:C(age_binary)[young],-0.974,0.002,0.974,sociability
total_activity_duration_s14:C(sex)[Male]:C(age_binary)[old],-0.9708,0.017,0.9708,activity
chronotype_score_m7:C(sex)[Female]:C(age_binary)[young],0.9553,0.0,0.9553,sleep
device_use_percent_s7:C(sex)[Male]:C(age_binary)[young],-0.9533,0.003,0.9533,device_usage
time_at_location_2_m14:C(sex)[Male]:C(age_binary)[young],-0.9482,0.001,0.9482,sociability
sleep_duration_s7:C(sex)[Female]:C(age_binary)[old],0.9459,0.0,0.9459,sleep
device_use_percent_s14:C(sex)[Male]:C(age_binary)[old],-0.9445,0.02,0.9445,device_usage
num_location_clusters_m7:C(sex)[Male]:C(age_binary)[old],-0.9432,0.005,0.9432,sociability
sleep_routine_index_m7:C(sex)[Male]:C(age_binary)[young],-0.9416,0.0,0.9416,sleep
ec_Activity_s7:C(sex)[Male]:C(age_binary)[old],-0.9412,0.018,0.9412,activity
steps_least_active_5h_s14:C(sex)[Male]:C(age_binary)[old],-0.9376,0.017,0.9376,activity
time_at_location_4_m14:C(sex)[Male]:C(age_binary)[young],-0.9363,0.006,0.9363,sociability
time_at_location_2_s14:C(sex)[Male]:C(age_binary)[young],-0.9287,0.004,0.9287,sociability
activity_percent_s14:C(sex)[Male]:C(age_binary)[old],-0.9242,0.004,0.9242,activity
active_time_s14:C(sex)[Male]:C(age_binary)[old],-0.9242,0.004,0.9242,activity
travel_diameter_s14:C(sex)[Male]:C(age_binary)[young],-0.9218,0.0,0.9218,sociability
time_at_home_m14:C(sex)[Female]:C(age_binary)[young],0.9207,0.0,0.9207,sociability
device_use_percent_s14:C(sex)[Male]:C(age_binary)[young],-0.9183,0.002,0.9183,device_usage
ec_Activity_s14:C(sex)[Male]:C(age_binary)[old],-0.9143,0.02,0.9143,activity
sleep_duration_s14:C(sex)[Female]:C(age_binary)[old],0.9129,0.003,0.9129,sleep
walking_rate_s14:C(sex)[Male]:C(age_binary)[old],-0.9088,0.001,0.9088,activity
time_at_location_4_s7:C(sex)[Male]:C(age_binary)[young],-0.901,0.012,0.901,sociability
sleep_routine_index_m14:C(sex)[Male]:C(age_binary)[old],-0.8905,0.0,0.8905,sleep
screen_unlocks_s7:C(sex)[Male]:C(age_binary)[old],-0.8864,0.041,0.8864,device_usage
sleep_start_s7:C(sex)[Female]:C(age_binary)[old],0.8842,0.001,0.8842,sleep
num_location_clusters_s7:C(sex)[Female]:C(age_binary)[old],-0.8806,0.0,0.8806,sociability
ec_DeviceDisplayStatus_s14:C(sex)[Male]:C(age_binary)[young],-0.8731,0.0,0.8731,device_usage
ec_DeviceDisplayStatus_m7:C(sex)[Male]:C(age_binary)[young],-0.8685,0.0,0.8685,device_usage
sleep_routine_index_m14:C(sex)[Male]:C(age_binary)[young],-0.8652,0.0,0.8652,sleep
walking_rate_s7:C(sex)[Male]:C(age_binary)[old],-0.8633,0.004,0.8633,activity
step_count_s7:C(sex)[Male]:C(age_binary)[old],-0.8562,0.02,0.8562,activity
time_at_location_2_m7:C(sex)[Male]:C(age_binary)[young],-0.8537,0.003,0.8537,sociability
steps_most_active_10h_m14:C(sex)[Male]:C(age_binary)[old],-0.8533,0.01,0.8533,activity
time_at_location_3_m14:C(sex)[Male]:C(age_binary)[young],-0.8527,0.007,0.8527,sociability
num_location_clusters_s14:C(sex)[Male]:C(age_binary)[old],-0.8475,0.018,0.8475,sociability
sleep_start_s7:C(sex)[Female]:C(age_binary)[young],0.8441,0.0,0.8441,sleep
sleep_routine_index_m7:C(sex)[Female]:C(age_binary)[old],-0.8391,0.0,0.8391,sleep
chronotype_score_s14:C(sex)[Male]:C(age_binary)[old],-0.8244,0.012,0.8244,sleep
time_at_location_4_s14:C(sex)[Male]:C(age_binary)[young],-0.824,0.015,0.824,sociability
time_at_location_4_m7:C(sex)[Male]:C(age_binary)[young],-0.8228,0.011,0.8228,sociability
chronotype_score_s7:C(sex)[Male]:C(age_binary)[young],-0.8183,0.007,0.8183,sleep
sleep_start_s14:C(sex)[Female]:C(age_binary)[young],0.8178,0.003,0.8178,sleep
chronotype_score_m14:C(sex)[Female]:C(age_binary)[old],0.8146,0.0,0.8146,sleep
total_activity_duration_s14:C(sex)[Male]:C(age_binary)[young],-0.8146,0.009,0.8146,activity
ec_DeviceDisplayStatus_m14:C(sex)[Male]:C(age_binary)[young],-0.8128,0.0,0.8128,device_usage
time_at_location_2_m14:C(sex)[Female]:C(age_binary)[old],-0.8122,0.0,0.8122,sociability
time_at_location_5_s7:C(sex)[Male]:C(age_binary)[young],-0.8099,0.045,0.8099,sociability
chronotype_score_m7:C(sex)[Female]:C(age_binary)[old],0.8038,0.0,0.8038,sleep
walking_rate_m14:C(sex)[Male]:C(age_binary)[old],-0.8038,0.001,0.8038,activity
time_at_location_2_s14:C(sex)[Male]:C(age_binary)[old],-0.8034,0.045,0.8034,sociability
activity_percent_s7:C(sex)[Male]:C(age_binary)[old],-0.8015,0.018,0.8015,activity
active_time_s7:C(sex)[Male]:C(age_binary)[old],-0.8015,0.018,0.8015,activity
time_at_home_m7:C(sex)[Female]:C(age_binary)[young],0.8005,0.0,0.8005,sociability
sleep_routine_index_s14:C(sex)[Female]:C(age_binary)[young],0.8003,0.0,0.8003,sleep
time_at_location_5_m14:C(sex)[Male]:C(age_binary)[young],-0.7963,0.026,0.7963,sociability
display_events_m14:C(sex)[Male]:C(age_binary)[young],-0.7941,0.002,0.7941,device_usage
sleep_start_m14:C(sex)[Female]:C(age_binary)[young],0.7839,0.003,0.7839,sleep
display_events_m7:C(sex)[Male]:C(age_binary)[young],-0.783,0.003,0.783,device_usage
sleep_routine_index_m7:C(sex)[Female]:C(age_binary)[young],-0.7827,0.0,0.7827,sleep
ec_PedometerData_s14:C(sex)[Male]:C(age_binary)[young],-0.7818,0.0,0.7818,activity
loc_entropy_s7:C(sex)[Male]:C(age_binary)[young],-0.7741,0.007,0.7741,sociability
sleep_routine_index_m14:C(sex)[Female]:C(age_binary)[old],-0.7726,0.0,0.7726,sleep
sleep_routine_index_s7:C(sex)[Female]:C(age_binary)[young],0.7717,0.0,0.7717,sleep
chronotype_score_s7:C(sex)[Female]:C(age_binary)[young],0.7708,0.0,0.7708,sleep
steps_most_active_10h_m7:C(sex)[Male]:C(age_binary)[old],-0.7694,0.01,0.7694,activity
time_at_location_3_m7:C(sex)[Male]:C(age_binary)[young],-0.7647,0.015,0.7647,sociability
total_activity_duration_s7:C(sex)[Male]:C(age_binary)[young],-0.7602,0.015,0.7602,activity
total_location_duration_s7:C(sex)[Male]:C(age_binary)[young],-0.76,0.024,0.76,sociability
num_location_clusters_m14:C(sex)[Female]:C(age_binary)[old],-0.7593,0.0,0.7593,sociability
time_at_location_2_s7:C(sex)[Female]:C(age_binary)[old],-0.7538,0.0,0.7538,sociability
num_location_clusters_s14:C(sex)[Female]:C(age_binary)[old],-0.7447,0.0,0.7447,sociability
loc_entropy_m14:C(sex)[Male]:C(age_binary)[young],-0.7421,0.004,0.7421,sociability
sleep_start_m14:C(sex)[Female]:C(age_binary)[old],0.7311,0.01,0.7311,sleep
ec_PedometerData_s7:C(sex)[Male]:C(age_binary)[young],-0.7287,0.001,0.7287,activity
time_at_home_s14:C(sex)[Male]:C(age_binary)[young],-0.7251,0.003,0.7251,sociability
time_at_location_3_s14:C(sex)[Male]:C(age_binary)[young],-0.7243,0.019,0.7243,sociability
sleep_routine_index_m14:C(sex)[Female]:C(age_binary)[young],-0.7178,0.0,0.7178,sleep
total_display_duration_m7:C(sex)[Female]:C(age_binary)[young],0.7022,0.0,0.7022,device_usage
time_at_home_s14:C(sex)[Female]:C(age_binary)[old],-0.7011,0.0,0.7011,sociability
walking_rate_m7:C(sex)[Male]:C(age_binary)[old],-0.6996,0.002,0.6996,activity
step_count_s14:C(sex)[Male]:C(age_binary)[young],-0.6949,0.002,0.6949,activity
num_location_clusters_m7:C(sex)[Female]:C(age_binary)[old],-0.6924,0.0,0.6924,sociability
active_time_s14:C(sex)[Male]:C(age_binary)[young],-0.6893,0.001,0.6893,activity
activity_percent_s14:C(sex)[Male]:C(age_binary)[young],-0.6893,0.001,0.6893,activity
steps_most_active_10h_s7:C(sex)[Male]:C(age_binary)[young],-0.6846,0.003,0.6846,activity
time_at_location_2_s7:C(sex)[Male]:C(age_binary)[young],-0.6816,0.029,0.6816,sociability
loc_entropy_m7:C(sex)[Male]:C(age_binary)[young],-0.6805,0.01,0.6805,sociability
time_at_location_2_s14:C(sex)[Female]:C(age_binary)[old],-0.6748,0.0,0.6748,sociability
time_at_location_4_m7:C(sex)[Female]:C(age_binary)[old],-0.6737,0.004,0.6737,sociability
total_display_duration_m14:C(sex)[Female]:C(age_binary)[young],0.6715,0.0,0.6715,device_usage
time_at_location_4_s7:C(sex)[Female]:C(age_binary)[old],-0.6698,0.001,0.6698,sociability
sleep_start_m7:C(sex)[Female]:C(age_binary)[old],0.665,0.003,0.665,sleep
sleep_start_m7:C(sex)[Female]:C(age_binary)[young],0.6639,0.002,0.6639,sleep
sleep_start_s14:C(sex)[Female]:C(age_binary)[old],0.6598,0.032,0.6598,sleep
steps_least_active_5h_s7:C(sex)[Male]:C(age_binary)[young],-0.6467,0.02,0.6467,activity
time_at_location_1_s7:C(sex)[Male]:C(age_binary)[young],-0.646,0.017,0.646,sociability
travel_diameter_s7:C(sex)[Male]:C(age_binary)[young],-0.6415,0.0,0.6415,sociability
time_at_location_1_s14:C(sex)[Male]:C(age_binary)[old],-0.6405,0.049,0.6405,sociability
loc_entropy_m14:C(sex)[Female]:C(age_binary)[old],-0.6324,0.001,0.6324,sociability
loc_entropy_s7:C(sex)[Female]:C(age_binary)[old],-0.6226,0.001,0.6226,sociability
chronotype_score_s14:C(sex)[Male]:C(age_binary)[young],-0.6192,0.027,0.6192,sleep
time_at_location_4_s14:C(sex)[Female]:C(age_binary)[old],-0.613,0.007,0.613,sociability
time_at_location_2_m7:C(sex)[Female]:C(age_binary)[old],-0.6104,0.001,0.6104,sociability
step_count_s7:C(sex)[Male]:C(age_binary)[young],-0.6066,0.005,0.6066,activity
time_at_location_4_m14:C(sex)[Female]:C(age_binary)[old],-0.6051,0.011,0.6051,sociability
activity_percent_s7:C(sex)[Male]:C(age_binary)[young],-0.6038,0.004,0.6038,activity
active_time_s7:C(sex)[Male]:C(age_binary)[young],-0.6038,0.004,0.6038,activity
time_at_location_3_m7:C(sex)[Female]:C(age_binary)[old],-0.6019,0.004,0.6019,sociability
time_at_location_5_m7:C(sex)[Female]:C(age_binary)[old],-0.5949,0.015,0.5949,sociability
time_at_location_3_m14:C(sex)[Female]:C(age_binary)[old],-0.5917,0.007,0.5917,sociability
loc_entropy_m7:C(sex)[Female]:C(age_binary)[old],-0.591,0.002,0.591,sociability
ec_PedometerData_m7:C(sex)[Male]:C(age_binary)[young],-0.5884,0.003,0.5884,activity
ec_PedometerData_m14:C(sex)[Male]:C(age_binary)[young],-0.5878,0.002,0.5878,activity
chronotype_score_s14:C(sex)[Female]:C(age_binary)[young],0.5804,0.001,0.5804,sleep
time_at_location_5_m14:C(sex)[Female]:C(age_binary)[old],-0.5718,0.026,0.5718,sociability
loc_entropy_s14:C(sex)[Male]:C(age_binary)[young],-0.5613,0.046,0.5613,sociability
sleep_duration_m7:C(sex)[Male]:C(age_binary)[old],-0.5598,0.04,0.5598,sleep
step_count_m14:C(sex)[Female]:C(age_binary)[young],0.5407,0.002,0.5407,activity
total_display_duration_s7:C(sex)[Female]:C(age_binary)[old],-0.5254,0.007,0.5254,device_usage
steps_relative_amplitude_s14:C(sex)[Male]:C(age_binary)[young],-0.517,0.026,0.517,activity
total_display_duration_m14:C(sex)[Male]:C(age_binary)[old],-0.5123,0.011,0.5123,device_usage
time_at_location_5_s7:C(sex)[Female]:C(age_binary)[old],-0.511,0.025,0.511,sociability
time_at_home_m14:C(sex)[Female]:C(age_binary)[old],0.5099,0.001,0.5099,sociability
step_count_m7:C(sex)[Female]:C(age_binary)[young],0.5067,0.003,0.5067,activity
total_display_duration_m7:C(sex)[Male]:C(age_binary)[old],-0.504,0.015,0.504,device_usage
total_activity_duration_s7:C(sex)[Female]:C(age_binary)[old],-0.4882,0.013,0.4882,activity
time_at_home_m14:C(sex)[Male]:C(age_binary)[young],0.4858,0.022,0.4858,sociability
time_at_home_s7:C(sex)[Female]:C(age_binary)[old],-0.4851,0.004,0.4851,sociability
time_at_location_5_s14:C(sex)[Female]:C(age_binary)[old],-0.4823,0.049,0.4823,sociability
steps_most_active_10h_m14:C(sex)[Male]:C(age_binary)[young],-0.4814,0.02,0.4814,activity
active_time_m14:C(sex)[Female]:C(age_binary)[young],0.4803,0.004,0.4803,activity
activity_percent_m14:C(sex)[Female]:C(age_binary)[young],0.4803,0.004,0.4803,activity
activity_percent_s7:C(sex)[Female]:C(age_binary)[young],0.4794,0.003,0.4794,activity
active_time_s7:C(sex)[Female]:C(age_binary)[young],0.4794,0.003,0.4794,activity
chronotype_score_m14:C(sex)[Male]:C(age_binary)[young],0.4711,0.008,0.4711,sleep
steps_most_active_10h_m7:C(sex)[Male]:C(age_binary)[young],-0.4686,0.019,0.4686,activity
time_at_location_1_m14:C(sex)[Male]:C(age_binary)[old],-0.4648,0.015,0.4648,sociability
total_activity_duration_s14:C(sex)[Female]:C(age_binary)[old],-0.4612,0.014,0.4612,activity
time_at_location_1_m7:C(sex)[Female]:C(age_binary)[young],0.4608,0.001,0.4608,sociability
steps_relative_amplitude_s14:C(sex)[Female]:C(age_binary)[young],0.4552,0.004,0.4552,activity
loc_entropy_s14:C(sex)[Female]:C(age_binary)[old],-0.4471,0.013,0.4471,sociability
total_location_duration_m7:C(sex)[Female]:C(age_binary)[young],0.4468,0.0,0.4468,sociability
ec_DeviceDisplayStatus_m14:C(sex)[Female]:C(age_binary)[old],0.4462,0.048,0.4462,device_usage
steps_most_active_10h_m14:C(sex)[Female]:C(age_binary)[young],0.445,0.005,0.445,activity
steps_most_active_10h_s14:C(sex)[Female]:C(age_binary)[young],0.4416,0.007,0.4416,activity
step_count_s7:C(sex)[Female]:C(age_binary)[young],0.4341,0.01,0.4341,activity
steps_least_active_5h_m14:C(sex)[Male]:C(age_binary)[young],-0.4272,0.033,0.4272,activity
activity_percent_m7:C(sex)[Female]:C(age_binary)[young],0.4266,0.008,0.4266,activity
active_time_m7:C(sex)[Female]:C(age_binary)[young],0.4266,0.008,0.4266,activity
steps_least_active_5h_m7:C(sex)[Male]:C(age_binary)[young],-0.4233,0.029,0.4233,activity
steps_most_active_10h_m7:C(sex)[Female]:C(age_binary)[young],0.4201,0.006,0.4201,activity
chronotype_score_m7:C(sex)[Male]:C(age_binary)[young],0.4172,0.012,0.4172,sleep
walking_rate_m14:C(sex)[Male]:C(age_binary)[young],-0.4167,0.016,0.4167,activity
walking_rate_m7:C(sex)[Male]:C(age_binary)[young],-0.4152,0.013,0.4152,activity
total_display_duration_s14:C(sex)[Female]:C(age_binary)[old],-0.4141,0.027,0.4141,device_usage
total_location_duration_m14:C(sex)[Female]:C(age_binary)[young],0.4122,0.001,0.4122,sociability
ec_PedometerData_s14:C(sex)[Female]:C(age_binary)[old],-0.4096,0.045,0.4096,activity
time_at_home_m7:C(sex)[Female]:C(age_binary)[old],0.4005,0.005,0.4005,sociability
total_location_duration_s14:C(sex)[Female]:C(age_binary)[old],-0.3982,0.031,0.3982,sociability
total_location_duration_s7:C(sex)[Female]:C(age_binary)[old],-0.3939,0.041,0.3939,sociability
activity_percent_s14:C(sex)[Female]:C(age_binary)[young],0.3919,0.017,0.3919,activity
active_time_s14:C(sex)[Female]:C(age_binary)[young],0.3919,0.017,0.3919,activity
time_at_home_s14:C(sex)[Female]:C(age_binary)[young],-0.3835,0.012,0.3835,sociability
chronotype_score_m14:C(sex)[Male]:C(age_binary)[old],0.3761,0.048,0.3761,sleep
step_count_s14:C(sex)[Female]:C(age_binary)[young],0.376,0.029,0.376,activity
time_at_location_1_m7:C(sex)[Male]:C(age_binary)[old],-0.3759,0.045,0.3759,sociability
screen_unlocks_m14:C(sex)[Female]:C(age_binary)[young],-0.3754,0.02,0.3754,device_usage
time_at_location_1_m14:C(sex)[Female]:C(age_binary)[young],0.375,0.007,0.375,sociability
screen_unlocks_m7:C(sex)[Female]:C(age_binary)[young],-0.3727,0.016,0.3727,device_usage
travel_diameter_m14:C(sex)[Male]:C(age_binary)[young],-0.3696,0.025,0.3696,sociability
ec_DeviceDisplayStatus_s14:C(sex)[Female]:C(age_binary)[old],0.3682,0.04,0.3682,device_usage
steps_relative_amplitude_s7:C(sex)[Female]:C(age_binary)[young],0.3628,0.018,0.3628,activity
total_activity_duration_m7:C(sex)[Female]:C(age_binary)[young],0.3599,0.004,0.3599,activity
steps_relative_amplitude_m14:C(sex)[Female]:C(age_binary)[young],0.3538,0.012,0.3538,activity
chronotype_score_m7:C(sex)[Male]:C(age_binary)[old],0.3514,0.045,0.3514,sleep
steps_least_active_5h_m14:C(sex)[Female]:C(age_binary)[young],0.3489,0.027,0.3489,activity
time_at_location_3_m14:C(sex)[Female]:C(age_binary)[young],-0.3442,0.036,0.3442,sociability
time_at_location_3_m7:C(sex)[Female]:C(age_binary)[young],-0.3428,0.028,0.3428,sociability
total_activity_duration_m14:C(sex)[Female]:C(age_binary)[young],0.3389,0.007,0.3389,activity
total_display_duration_m7:C(sex)[Female]:C(age_binary)[old],0.3292,0.018,0.3292,device_usage
steps_least_active_5h_m7:C(sex)[Female]:C(age_binary)[young],0.3237,0.033,0.3237,activity
screen_unlocks_s7:C(sex)[Female]:C(age_binary)[young],-0.3211,0.048,0.3211,device_usage
ec_Location_m14:C(sex)[Female]:C(age_binary)[young],0.3168,0.041,0.3168,sociability
time_at_location_2_m14:C(sex)[Female]:C(age_binary)[young],-0.3132,0.046,0.3132,sociability
steps_most_active_10h_s7:C(sex)[Female]:C(age_binary)[young],0.3088,0.044,0.3088,activity
loc_entropy_s7:C(sex)[Female]:C(age_binary)[young],-0.3064,0.034,0.3064,sociability
steps_relative_amplitude_m7:C(sex)[Female]:C(age_binary)[young],0.3054,0.024,0.3054,activity
total_display_duration_m14:C(sex)[Female]:C(age_binary)[old],0.29,0.036,0.29,device_usage
